
INSERT INTO "abschiebung_land_nationalitaet" VALUES('Polen','154');
INSERT INTO "abschiebung_land_nationalitaet" VALUES('Kosovo','93');
INSERT INTO "abschiebung_land_nationalitaet" VALUES('Russische Föderation','56');
INSERT INTO "abschiebung_land_nationalitaet" VALUES('Afghanistan','48');
INSERT INTO "abschiebung_land_nationalitaet" VALUES('Serbien','42');
INSERT INTO "abschiebung_land_nationalitaet" VALUES('Georgien','39');
INSERT INTO "abschiebung_land_nationalitaet" VALUES('Mazedonien','36');
INSERT INTO "abschiebung_land_nationalitaet" VALUES('Niederlande','32');
INSERT INTO "abschiebung_land_nationalitaet" VALUES('Tschechische Republik','28');
INSERT INTO "abschiebung_land_nationalitaet" VALUES('Irak','14');
INSERT INTO "abschiebung_land_nationalitaet" VALUES('Türkei','13');
INSERT INTO "abschiebung_land_nationalitaet" VALUES('Algerien','11');
INSERT INTO "abschiebung_land_nationalitaet" VALUES('Bosnien-Herzegowina','11');
INSERT INTO "abschiebung_land_nationalitaet" VALUES('Marokko','11');
INSERT INTO "abschiebung_land_nationalitaet" VALUES('Pakistan','10');
INSERT INTO "abschiebung_land_nationalitaet" VALUES('Ukraine','9');
INSERT INTO "abschiebung_land_nationalitaet" VALUES('Frankreich','8');
INSERT INTO "abschiebung_land_nationalitaet" VALUES('Iran','8');
INSERT INTO "abschiebung_land_nationalitaet" VALUES('Vietnam','8');
INSERT INTO "abschiebung_land_nationalitaet" VALUES('Armenien','7');
INSERT INTO "abschiebung_land_nationalitaet" VALUES('Mongolei','7');
INSERT INTO "abschiebung_land_nationalitaet" VALUES('Somalia','7');
INSERT INTO "abschiebung_land_nationalitaet" VALUES('Nigeria','6');
INSERT INTO "abschiebung_land_nationalitaet" VALUES('Österreich','6');
INSERT INTO "abschiebung_land_nationalitaet" VALUES('Syrien','5');
INSERT INTO "abschiebung_land_nationalitaet" VALUES('Aserbaidschan','4');
INSERT INTO "abschiebung_land_nationalitaet" VALUES('China','4');
INSERT INTO "abschiebung_land_nationalitaet" VALUES('Guinea','4');
INSERT INTO "abschiebung_land_nationalitaet" VALUES('Albanien','3');
INSERT INTO "abschiebung_land_nationalitaet" VALUES('Belgien','3');
INSERT INTO "abschiebung_land_nationalitaet" VALUES('Ghana','3');
INSERT INTO "abschiebung_land_nationalitaet" VALUES('Kenia','3');
INSERT INTO "abschiebung_land_nationalitaet" VALUES('Tunesien','3');
INSERT INTO "abschiebung_land_nationalitaet" VALUES('ungeklärt','3');
INSERT INTO "abschiebung_land_nationalitaet" VALUES('Ägypten','2');
INSERT INTO "abschiebung_land_nationalitaet" VALUES('Indien','2');
INSERT INTO "abschiebung_land_nationalitaet" VALUES('Libanon','2');
INSERT INTO "abschiebung_land_nationalitaet" VALUES('Sierra Leone','2');
INSERT INTO "abschiebung_land_nationalitaet" VALUES('Weißrussland','2');
INSERT INTO "abschiebung_land_nationalitaet" VALUES('Angola','1');
INSERT INTO "abschiebung_land_nationalitaet" VALUES('Eritrea','1');
INSERT INTO "abschiebung_land_nationalitaet" VALUES('Guinea-Bissau','1');
INSERT INTO "abschiebung_land_nationalitaet" VALUES('Kamerun','1');
INSERT INTO "abschiebung_land_nationalitaet" VALUES('Kolumbien','1');
INSERT INTO "abschiebung_land_nationalitaet" VALUES('Libyen','1');
INSERT INTO "abschiebung_land_nationalitaet" VALUES('Mali','1');
INSERT INTO "abschiebung_land_nationalitaet" VALUES('Rumänien','1');
INSERT INTO "abschiebung_land_nationalitaet" VALUES('Schweiz','1');
INSERT INTO "abschiebung_land_nationalitaet" VALUES('Senegal','1');
INSERT INTO "abschiebung_land_nationalitaet" VALUES('Sudan','1');
INSERT INTO "abschiebung_land_nationalitaet" VALUES('Thailand','1');
INSERT INTO "abschiebung_land_nationalitaet" VALUES('Togo','1');

INSERT INTO "abschiebung_land_zielgebiet" VALUES('Polen','256');
INSERT INTO "abschiebung_land_zielgebiet" VALUES('Belgien','149');
INSERT INTO "abschiebung_land_zielgebiet" VALUES('Frankreich','101');
INSERT INTO "abschiebung_land_zielgebiet" VALUES('Niederlande','81');
INSERT INTO "abschiebung_land_zielgebiet" VALUES('Österreich','64');
INSERT INTO "abschiebung_land_zielgebiet" VALUES('Tschech.Republik','41');
INSERT INTO "abschiebung_land_zielgebiet" VALUES('Schweiz','27');
INSERT INTO "abschiebung_land_zielgebiet" VALUES('Luxemburg','2');
INSERT INTO "abschiebung_land_zielgebiet" VALUES('Dänemark','1');

INSERT INTO "abschiebung_luftweg_flughafen" VALUES('Frankfurt am Main','2753');
INSERT INTO "abschiebung_luftweg_flughafen" VALUES('Düsseldorf','1209');
INSERT INTO "abschiebung_luftweg_flughafen" VALUES('Berlin-Tegel','752');
INSERT INTO "abschiebung_luftweg_flughafen" VALUES('München','744');
INSERT INTO "abschiebung_luftweg_flughafen" VALUES('Hamburg','394');
INSERT INTO "abschiebung_luftweg_flughafen" VALUES('Karlsruhe/Baden-Baden','301');
INSERT INTO "abschiebung_luftweg_flughafen" VALUES('Stuttgart','282');
INSERT INTO "abschiebung_luftweg_flughafen" VALUES('Berlin-Schönefeld','218');
INSERT INTO "abschiebung_luftweg_flughafen" VALUES('Hannover','145');
INSERT INTO "abschiebung_luftweg_flughafen" VALUES('Köln/Bonn','99');
INSERT INTO "abschiebung_luftweg_flughafen" VALUES('Bremen','9');
INSERT INTO "abschiebung_luftweg_flughafen" VALUES('Nürnberg','8');
INSERT INTO "abschiebung_luftweg_flughafen" VALUES('`esden','3');
INSERT INTO "abschiebung_luftweg_flughafen" VALUES('Leipzig','2');

INSERT INTO "abschiebung_luftweg_nationalitaet" VALUES('Serbien','1458');
INSERT INTO "abschiebung_luftweg_nationalitaet" VALUES('Mazedonien','477');
INSERT INTO "abschiebung_luftweg_nationalitaet" VALUES('Kosovo','471');
INSERT INTO "abschiebung_luftweg_nationalitaet" VALUES('Türkei','415');
INSERT INTO "abschiebung_luftweg_nationalitaet" VALUES('Albanien','277');
INSERT INTO "abschiebung_luftweg_nationalitaet" VALUES('Rumänien','231');
INSERT INTO "abschiebung_luftweg_nationalitaet" VALUES('Vietnam','226');
INSERT INTO "abschiebung_luftweg_nationalitaet" VALUES('Georgien','194');
INSERT INTO "abschiebung_luftweg_nationalitaet" VALUES('Nigeria','158');
INSERT INTO "abschiebung_luftweg_nationalitaet" VALUES('Afghanistan','153');
INSERT INTO "abschiebung_luftweg_nationalitaet" VALUES('China','148');
INSERT INTO "abschiebung_luftweg_nationalitaet" VALUES('Algerien','141');
INSERT INTO "abschiebung_luftweg_nationalitaet" VALUES('Marokko','141');
INSERT INTO "abschiebung_luftweg_nationalitaet" VALUES('Tunesien','136');
INSERT INTO "abschiebung_luftweg_nationalitaet" VALUES('Bosnien-Herzegowina','134');
INSERT INTO "abschiebung_luftweg_nationalitaet" VALUES('Russische Föderation','120');
INSERT INTO "abschiebung_luftweg_nationalitaet" VALUES('Ukraine','108');
INSERT INTO "abschiebung_luftweg_nationalitaet" VALUES('Indien','101');
INSERT INTO "abschiebung_luftweg_nationalitaet" VALUES('Irak','98');
INSERT INTO "abschiebung_luftweg_nationalitaet" VALUES('Ghana','91');
INSERT INTO "abschiebung_luftweg_nationalitaet" VALUES('Pakistan','91');
INSERT INTO "abschiebung_luftweg_nationalitaet" VALUES('Armenien','82');
INSERT INTO "abschiebung_luftweg_nationalitaet" VALUES('Bulgarien','74');
INSERT INTO "abschiebung_luftweg_nationalitaet" VALUES('Syrien','72');
INSERT INTO "abschiebung_luftweg_nationalitaet" VALUES('Kroatien','63');
INSERT INTO "abschiebung_luftweg_nationalitaet" VALUES('Litauen','58');
INSERT INTO "abschiebung_luftweg_nationalitaet" VALUES('Polen','53');
INSERT INTO "abschiebung_luftweg_nationalitaet" VALUES('Somalia','49');
INSERT INTO "abschiebung_luftweg_nationalitaet" VALUES('Italien','46');
INSERT INTO "abschiebung_luftweg_nationalitaet" VALUES('Montenegro','46');
INSERT INTO "abschiebung_luftweg_nationalitaet" VALUES('Libanon','44');
INSERT INTO "abschiebung_luftweg_nationalitaet" VALUES('Iran','40');
INSERT INTO "abschiebung_luftweg_nationalitaet" VALUES('Moldau','40');
INSERT INTO "abschiebung_luftweg_nationalitaet" VALUES('Guinea','35');
INSERT INTO "abschiebung_luftweg_nationalitaet" VALUES('Lettland','35');
INSERT INTO "abschiebung_luftweg_nationalitaet" VALUES('Weißrussland','34');
INSERT INTO "abschiebung_luftweg_nationalitaet" VALUES('Ungarn','32');
INSERT INTO "abschiebung_luftweg_nationalitaet" VALUES('Ägypten','31');
INSERT INTO "abschiebung_luftweg_nationalitaet" VALUES('Eritrea','31');
INSERT INTO "abschiebung_luftweg_nationalitaet" VALUES('Sri Lanka','29');
INSERT INTO "abschiebung_luftweg_nationalitaet" VALUES('ungeklärt','27');
INSERT INTO "abschiebung_luftweg_nationalitaet" VALUES('Aserbaidschan','26');
INSERT INTO "abschiebung_luftweg_nationalitaet" VALUES('Kamerun','25');
INSERT INTO "abschiebung_luftweg_nationalitaet" VALUES('Brasilien','23');
INSERT INTO "abschiebung_luftweg_nationalitaet" VALUES('Gambia','23');
INSERT INTO "abschiebung_luftweg_nationalitaet" VALUES('USA','21');
INSERT INTO "abschiebung_luftweg_nationalitaet" VALUES('Kolumbien','20');
INSERT INTO "abschiebung_luftweg_nationalitaet" VALUES('Kasachstan','19');
INSERT INTO "abschiebung_luftweg_nationalitaet" VALUES('Slowakische Republik','19');
INSERT INTO "abschiebung_luftweg_nationalitaet" VALUES('Dominikanische Rep.','18');
INSERT INTO "abschiebung_luftweg_nationalitaet" VALUES('Libyen','18');
INSERT INTO "abschiebung_luftweg_nationalitaet" VALUES('Griechenland','16');
INSERT INTO "abschiebung_luftweg_nationalitaet" VALUES('Togo','14');
INSERT INTO "abschiebung_luftweg_nationalitaet" VALUES('Côte d`Ivoire','13');
INSERT INTO "abschiebung_luftweg_nationalitaet" VALUES('Israel','13');
INSERT INTO "abschiebung_luftweg_nationalitaet" VALUES('Niederlande','13');
INSERT INTO "abschiebung_luftweg_nationalitaet" VALUES('Äthiopien','12');
INSERT INTO "abschiebung_luftweg_nationalitaet" VALUES('Niger','12');
INSERT INTO "abschiebung_luftweg_nationalitaet" VALUES('Portugal','12');
INSERT INTO "abschiebung_luftweg_nationalitaet" VALUES('Spanien','12');
INSERT INTO "abschiebung_luftweg_nationalitaet" VALUES('Sudan','12');
INSERT INTO "abschiebung_luftweg_nationalitaet" VALUES('Estland','11');
INSERT INTO "abschiebung_luftweg_nationalitaet" VALUES('Großbritannien','11');
INSERT INTO "abschiebung_luftweg_nationalitaet" VALUES('Senegal','11');
INSERT INTO "abschiebung_luftweg_nationalitaet" VALUES('Usbekistan','11');
INSERT INTO "abschiebung_luftweg_nationalitaet" VALUES('Nepal','10');
INSERT INTO "abschiebung_luftweg_nationalitaet" VALUES('Peru','10');
INSERT INTO "abschiebung_luftweg_nationalitaet" VALUES('staatenlos','10');
INSERT INTO "abschiebung_luftweg_nationalitaet" VALUES('Mongolei','9');
INSERT INTO "abschiebung_luftweg_nationalitaet" VALUES('Argentinien','8');
INSERT INTO "abschiebung_luftweg_nationalitaet" VALUES('Bangladesch','8');
INSERT INTO "abschiebung_luftweg_nationalitaet" VALUES('Benin','8');
INSERT INTO "abschiebung_luftweg_nationalitaet" VALUES('Chile','8');
INSERT INTO "abschiebung_luftweg_nationalitaet" VALUES('Kongo, Dem. Republik','8');
INSERT INTO "abschiebung_luftweg_nationalitaet" VALUES('Liberia','8');
INSERT INTO "abschiebung_luftweg_nationalitaet" VALUES('Mexiko','8');
INSERT INTO "abschiebung_luftweg_nationalitaet" VALUES('Paraguay','8');
INSERT INTO "abschiebung_luftweg_nationalitaet" VALUES('Tschechische Republik','8');
INSERT INTO "abschiebung_luftweg_nationalitaet" VALUES('Bolivien','7');
INSERT INTO "abschiebung_luftweg_nationalitaet" VALUES('Burkina Faso','7');
INSERT INTO "abschiebung_luftweg_nationalitaet" VALUES('Mali','7');
INSERT INTO "abschiebung_luftweg_nationalitaet" VALUES('Sierra Leone','7');
INSERT INTO "abschiebung_luftweg_nationalitaet" VALUES('Tschad','7');
INSERT INTO "abschiebung_luftweg_nationalitaet" VALUES('Ecuador','6');
INSERT INTO "abschiebung_luftweg_nationalitaet" VALUES('Jordanien','6');
INSERT INTO "abschiebung_luftweg_nationalitaet" VALUES('Kirgisistan','6');
INSERT INTO "abschiebung_luftweg_nationalitaet" VALUES('Tadschikistan','6');
INSERT INTO "abschiebung_luftweg_nationalitaet" VALUES('Thailand','5');
INSERT INTO "abschiebung_luftweg_nationalitaet" VALUES('Angola','4');
INSERT INTO "abschiebung_luftweg_nationalitaet" VALUES('Honduras','4');
INSERT INTO "abschiebung_luftweg_nationalitaet" VALUES('Kenia','4');
INSERT INTO "abschiebung_luftweg_nationalitaet" VALUES('Simbabwe','4');
INSERT INTO "abschiebung_luftweg_nationalitaet" VALUES('Slowenien','4');
INSERT INTO "abschiebung_luftweg_nationalitaet" VALUES('Uganda','4');
INSERT INTO "abschiebung_luftweg_nationalitaet" VALUES('Korea, Republik','3');
INSERT INTO "abschiebung_luftweg_nationalitaet" VALUES('Malaysia','3');
INSERT INTO "abschiebung_luftweg_nationalitaet" VALUES('Mauretanien','3');
INSERT INTO "abschiebung_luftweg_nationalitaet" VALUES('Venezuela','3');
INSERT INTO "abschiebung_luftweg_nationalitaet" VALUES('Belgien','2');
INSERT INTO "abschiebung_luftweg_nationalitaet" VALUES('Guinea-Bissau','2');
INSERT INTO "abschiebung_luftweg_nationalitaet" VALUES('Jamaika','2');
INSERT INTO "abschiebung_luftweg_nationalitaet" VALUES('Kongo','2');
INSERT INTO "abschiebung_luftweg_nationalitaet" VALUES('Mauritius','2');
INSERT INTO "abschiebung_luftweg_nationalitaet" VALUES('Österreich','2');
INSERT INTO "abschiebung_luftweg_nationalitaet" VALUES('Palästinensische Gebiete','2');
INSERT INTO "abschiebung_luftweg_nationalitaet" VALUES('Philippinen','2');
INSERT INTO "abschiebung_luftweg_nationalitaet" VALUES('Australien','1');
INSERT INTO "abschiebung_luftweg_nationalitaet" VALUES('Burundi','1');
INSERT INTO "abschiebung_luftweg_nationalitaet" VALUES('Costa Rica','1');
INSERT INTO "abschiebung_luftweg_nationalitaet" VALUES('Finnland','1');
INSERT INTO "abschiebung_luftweg_nationalitaet" VALUES('Frankreich','1');
INSERT INTO "abschiebung_luftweg_nationalitaet" VALUES('Gabun','1');
INSERT INTO "abschiebung_luftweg_nationalitaet" VALUES('Haiti','1');
INSERT INTO "abschiebung_luftweg_nationalitaet" VALUES('Indonesien','1');
INSERT INTO "abschiebung_luftweg_nationalitaet" VALUES('Japan','1');
INSERT INTO "abschiebung_luftweg_nationalitaet" VALUES('Kap Verde','1');
INSERT INTO "abschiebung_luftweg_nationalitaet" VALUES('Laos, Dem. Volksrep.','1');
INSERT INTO "abschiebung_luftweg_nationalitaet" VALUES('Nicaragua','1');
INSERT INTO "abschiebung_luftweg_nationalitaet" VALUES('Schweden','1');
INSERT INTO "abschiebung_luftweg_nationalitaet" VALUES('Schweiz','1');
INSERT INTO "abschiebung_luftweg_nationalitaet" VALUES('Taiwan','1');
INSERT INTO "abschiebung_luftweg_nationalitaet" VALUES('Tansania','1');
INSERT INTO "abschiebung_luftweg_nationalitaet" VALUES('Turkmenistan','1');

INSERT INTO "abschiebung_luftweg_zielgebiet" VALUES('Serbien','1363');
INSERT INTO "abschiebung_luftweg_zielgebiet" VALUES('Italien','552');
INSERT INTO "abschiebung_luftweg_zielgebiet" VALUES('Mazedonien','450');
INSERT INTO "abschiebung_luftweg_zielgebiet" VALUES('Kosovo','444');
INSERT INTO "abschiebung_luftweg_zielgebiet" VALUES('Türkei','380');
INSERT INTO "abschiebung_luftweg_zielgebiet" VALUES('Albanien','246');
INSERT INTO "abschiebung_luftweg_zielgebiet" VALUES('Rumänien','246');
INSERT INTO "abschiebung_luftweg_zielgebiet" VALUES('Vietnam','217');
INSERT INTO "abschiebung_luftweg_zielgebiet" VALUES('Georgien','144');
INSERT INTO "abschiebung_luftweg_zielgebiet" VALUES('China','139');
INSERT INTO "abschiebung_luftweg_zielgebiet" VALUES('Nigeria','123');
INSERT INTO "abschiebung_luftweg_zielgebiet" VALUES('Bosnien-Herzegowina','122');
INSERT INTO "abschiebung_luftweg_zielgebiet" VALUES('Schweiz','111');
INSERT INTO "abschiebung_luftweg_zielgebiet" VALUES('Russische Föderation','111');
INSERT INTO "abschiebung_luftweg_zielgebiet" VALUES('Schweden','109');
INSERT INTO "abschiebung_luftweg_zielgebiet" VALUES('Ukraine','106');
INSERT INTO "abschiebung_luftweg_zielgebiet" VALUES('Spanien','105');
INSERT INTO "abschiebung_luftweg_zielgebiet" VALUES('Algerien','101');
INSERT INTO "abschiebung_luftweg_zielgebiet" VALUES('Marokko','95');
INSERT INTO "abschiebung_luftweg_zielgebiet" VALUES('Dänemark','91');
INSERT INTO "abschiebung_luftweg_zielgebiet" VALUES('Indien','84');
INSERT INTO "abschiebung_luftweg_zielgebiet" VALUES('Bulgarien','79');
INSERT INTO "abschiebung_luftweg_zielgebiet" VALUES('Litauen','72');
INSERT INTO "abschiebung_luftweg_zielgebiet" VALUES('Frankreich','68');
INSERT INTO "abschiebung_luftweg_zielgebiet" VALUES('Polen','67');
INSERT INTO "abschiebung_luftweg_zielgebiet" VALUES('Armenien','64');
INSERT INTO "abschiebung_luftweg_zielgebiet" VALUES('Ungarn','61');
INSERT INTO "abschiebung_luftweg_zielgebiet" VALUES('Kroatien','57');
INSERT INTO "abschiebung_luftweg_zielgebiet" VALUES('Norwegen','55');
INSERT INTO "abschiebung_luftweg_zielgebiet" VALUES('Lettland','53');
INSERT INTO "abschiebung_luftweg_zielgebiet" VALUES('Tunesien','47');
INSERT INTO "abschiebung_luftweg_zielgebiet" VALUES('Pakistan','46');
INSERT INTO "abschiebung_luftweg_zielgebiet" VALUES('Niederlande','45');
INSERT INTO "abschiebung_luftweg_zielgebiet" VALUES('Österreich','39');
INSERT INTO "abschiebung_luftweg_zielgebiet" VALUES('Moldau','39');
INSERT INTO "abschiebung_luftweg_zielgebiet" VALUES('Montenegro','39');
INSERT INTO "abschiebung_luftweg_zielgebiet" VALUES('Libanon','38');
INSERT INTO "abschiebung_luftweg_zielgebiet" VALUES('Ghana','36');
INSERT INTO "abschiebung_luftweg_zielgebiet" VALUES('Großbritannien','34');
INSERT INTO "abschiebung_luftweg_zielgebiet" VALUES('Slowakische Republik','34');
INSERT INTO "abschiebung_luftweg_zielgebiet" VALUES('Weißrussland','29');
INSERT INTO "abschiebung_luftweg_zielgebiet" VALUES('Brasilien','25');
INSERT INTO "abschiebung_luftweg_zielgebiet" VALUES('Griechenland','24');
INSERT INTO "abschiebung_luftweg_zielgebiet" VALUES('Irak','23');
INSERT INTO "abschiebung_luftweg_zielgebiet" VALUES('USA','22');
INSERT INTO "abschiebung_luftweg_zielgebiet" VALUES('Ägypten','21');
INSERT INTO "abschiebung_luftweg_zielgebiet" VALUES('Kolumbien','20');
INSERT INTO "abschiebung_luftweg_zielgebiet" VALUES('Tschechische Republik','20');
INSERT INTO "abschiebung_luftweg_zielgebiet" VALUES('Aserbaidschan','18');
INSERT INTO "abschiebung_luftweg_zielgebiet" VALUES('Kamerun','18');
INSERT INTO "abschiebung_luftweg_zielgebiet" VALUES('Estland','18');
INSERT INTO "abschiebung_luftweg_zielgebiet" VALUES('Dominikanische Republik','17');
INSERT INTO "abschiebung_luftweg_zielgebiet" VALUES('Kasachstan','17');
INSERT INTO "abschiebung_luftweg_zielgebiet" VALUES('Belgien','16');
INSERT INTO "abschiebung_luftweg_zielgebiet" VALUES('Guinea','16');
INSERT INTO "abschiebung_luftweg_zielgebiet" VALUES('Sri Lanka','15');
INSERT INTO "abschiebung_luftweg_zielgebiet" VALUES('Portugal','14');
INSERT INTO "abschiebung_luftweg_zielgebiet" VALUES('Gambia','14');
INSERT INTO "abschiebung_luftweg_zielgebiet" VALUES('Finnland','11');
INSERT INTO "abschiebung_luftweg_zielgebiet" VALUES('Malta','11');
INSERT INTO "abschiebung_luftweg_zielgebiet" VALUES('Iran','10');
INSERT INTO "abschiebung_luftweg_zielgebiet" VALUES('Peru','10');
INSERT INTO "abschiebung_luftweg_zielgebiet" VALUES('Usbekistan','10');
INSERT INTO "abschiebung_luftweg_zielgebiet" VALUES('Afghanistan','9');
INSERT INTO "abschiebung_luftweg_zielgebiet" VALUES('Israel','9');
INSERT INTO "abschiebung_luftweg_zielgebiet" VALUES('Nepal','9');
INSERT INTO "abschiebung_luftweg_zielgebiet" VALUES('Slowenien','9');
INSERT INTO "abschiebung_luftweg_zielgebiet" VALUES('Kongo, Dem. Republik','8');
INSERT INTO "abschiebung_luftweg_zielgebiet" VALUES('Mexiko','8');
INSERT INTO "abschiebung_luftweg_zielgebiet" VALUES('Paraguay','8');
INSERT INTO "abschiebung_luftweg_zielgebiet" VALUES('Argentinien','8');
INSERT INTO "abschiebung_luftweg_zielgebiet" VALUES('Togo','8');
INSERT INTO "abschiebung_luftweg_zielgebiet" VALUES('Zypern','7');
INSERT INTO "abschiebung_luftweg_zielgebiet" VALUES('Chile','7');
INSERT INTO "abschiebung_luftweg_zielgebiet" VALUES('Ekuador','6');
INSERT INTO "abschiebung_luftweg_zielgebiet" VALUES('Jordanien','6');
INSERT INTO "abschiebung_luftweg_zielgebiet" VALUES('Tadschikistan','6');
INSERT INTO "abschiebung_luftweg_zielgebiet" VALUES('Bangladesch','5');
INSERT INTO "abschiebung_luftweg_zielgebiet" VALUES('Bolivien','5');
INSERT INTO "abschiebung_luftweg_zielgebiet" VALUES('Irland','5');
INSERT INTO "abschiebung_luftweg_zielgebiet" VALUES('Thailand','5');
INSERT INTO "abschiebung_luftweg_zielgebiet" VALUES('Côte d`Ivoire','4');
INSERT INTO "abschiebung_luftweg_zielgebiet" VALUES('Benin','4');
INSERT INTO "abschiebung_luftweg_zielgebiet" VALUES('Kenia','4');
INSERT INTO "abschiebung_luftweg_zielgebiet" VALUES('Äthiopien','4');
INSERT INTO "abschiebung_luftweg_zielgebiet" VALUES('Honduras','4');
INSERT INTO "abschiebung_luftweg_zielgebiet" VALUES('Kirgistan','4');
INSERT INTO "abschiebung_luftweg_zielgebiet" VALUES('Mongolei','4');
INSERT INTO "abschiebung_luftweg_zielgebiet" VALUES('Senegal','4');
INSERT INTO "abschiebung_luftweg_zielgebiet" VALUES('Sierra Leone','4');
INSERT INTO "abschiebung_luftweg_zielgebiet" VALUES('Angola','3');
INSERT INTO "abschiebung_luftweg_zielgebiet" VALUES('Burkina Faso','3');
INSERT INTO "abschiebung_luftweg_zielgebiet" VALUES('Libyen','3');
INSERT INTO "abschiebung_luftweg_zielgebiet" VALUES('Republik Korea','3');
INSERT INTO "abschiebung_luftweg_zielgebiet" VALUES('Venezuela','3');
INSERT INTO "abschiebung_luftweg_zielgebiet" VALUES('Uganda','2');
INSERT INTO "abschiebung_luftweg_zielgebiet" VALUES('Jamaika','2');
INSERT INTO "abschiebung_luftweg_zielgebiet" VALUES('Malaysia','2');
INSERT INTO "abschiebung_luftweg_zielgebiet" VALUES('Mauritius','2');
INSERT INTO "abschiebung_luftweg_zielgebiet" VALUES('Indonesien','2');
INSERT INTO "abschiebung_luftweg_zielgebiet" VALUES('Philippinen','2');
INSERT INTO "abschiebung_luftweg_zielgebiet" VALUES('Simbabwe','2');
INSERT INTO "abschiebung_luftweg_zielgebiet" VALUES('Australien','1');
INSERT INTO "abschiebung_luftweg_zielgebiet" VALUES('Burundi','1');
INSERT INTO "abschiebung_luftweg_zielgebiet" VALUES('Kanada','1');
INSERT INTO "abschiebung_luftweg_zielgebiet" VALUES('Costa Rica','1');
INSERT INTO "abschiebung_luftweg_zielgebiet" VALUES('Japan','1');
INSERT INTO "abschiebung_luftweg_zielgebiet" VALUES('Kap Verde','1');
INSERT INTO "abschiebung_luftweg_zielgebiet" VALUES('Luxemburg','1');
INSERT INTO "abschiebung_luftweg_zielgebiet" VALUES('Papua Neuguinea','1');
INSERT INTO "abschiebung_luftweg_zielgebiet" VALUES('Katar','1');
INSERT INTO "abschiebung_luftweg_zielgebiet" VALUES('Haiti','1');
INSERT INTO "abschiebung_luftweg_zielgebiet" VALUES('Mali','1');
INSERT INTO "abschiebung_luftweg_zielgebiet" VALUES('Mauretanien','1');
INSERT INTO "abschiebung_luftweg_zielgebiet" VALUES('Niger','1');
INSERT INTO "abschiebung_luftweg_zielgebiet" VALUES('Sudan','1');
INSERT INTO "abschiebung_luftweg_zielgebiet" VALUES('Turkmenistan','1');

INSERT INTO "abschiebung_seeweg_nationalitaet" VALUES('Irak','4');
INSERT INTO "abschiebung_seeweg_nationalitaet" VALUES('Schweden','3');
INSERT INTO "abschiebung_seeweg_nationalitaet" VALUES('Litauen','1');
INSERT INTO "abschiebung_seeweg_nationalitaet" VALUES('Polen','1');
INSERT INTO "abschiebung_seeweg_nationalitaet" VALUES('Syrien','1');

INSERT INTO "abschiebung_seeweg_zielgebiet" VALUES('Norwegen','4');
INSERT INTO "abschiebung_seeweg_zielgebiet" VALUES('Schweden','3');
INSERT INTO "abschiebung_seeweg_zielgebiet" VALUES('Dänemark','1');
INSERT INTO "abschiebung_seeweg_zielgebiet" VALUES('Polen','1');
INSERT INTO "abschiebung_seeweg_zielgebiet" VALUES('Litauen','1');

INSERT INTO "abschiebung_bundeslaender" VALUES('Nordrhein Westfalen','2025');
INSERT INTO "abschiebung_bundeslaender" VALUES('Bayern','931');
INSERT INTO "abschiebung_bundeslaender" VALUES('Hessen','854');
INSERT INTO "abschiebung_bundeslaender" VALUES('Baden Württemberg','717');
INSERT INTO "abschiebung_bundeslaender" VALUES('Niedersachsen','544');
INSERT INTO "abschiebung_bundeslaender" VALUES('Sachsen','451');
INSERT INTO "abschiebung_bundeslaender" VALUES('Berlin','343');
INSERT INTO "abschiebung_bundeslaender" VALUES('Rheinland Pfalz','277');
INSERT INTO "abschiebung_bundeslaender" VALUES('Hamburg','239');
INSERT INTO "abschiebung_bundeslaender" VALUES('Schleswig Holstein','187');
INSERT INTO "abschiebung_bundeslaender" VALUES('Sachsen Anhalt','185');
INSERT INTO "abschiebung_bundeslaender" VALUES('Mecklenburg Vorpommern','166');
INSERT INTO "abschiebung_bundeslaender" VALUES('Saarland','159');
INSERT INTO "abschiebung_bundeslaender" VALUES('Thüringen','123');
INSERT INTO "abschiebung_bundeslaender" VALUES('Brandenburg','100');
INSERT INTO "abschiebung_bundeslaender" VALUES('Bremen','15');
INSERT INTO "abschiebung_bundeslaender" VALUES('Bundespolizei','335');

INSERT INTO "airlinesbegleitung" VALUES('Bulgaria Airways','265');
INSERT INTO "airlinesbegleitung" VALUES('Adria Airways','142');
INSERT INTO "airlinesbegleitung" VALUES('Middle-East Airlines','12');
INSERT INTO "airlinesbegleitung" VALUES('Ukraine International','12');
INSERT INTO "airlinesbegleitung" VALUES('Tarom','77');
INSERT INTO "airlinesbegleitung" VALUES('Aeroflot','146');
INSERT INTO "airlinesbegleitung" VALUES('Transaero','70');

INSERT INTO "frontexabschiebungen" VALUES('07.02.','Kosovo','16','27','NW, NI, ST,BW, HE, SN','Deutschland/Bundespolizeipräsidium','Air Berlin','Düsseldorf','ca. 62 000Euro');
INSERT INTO "frontexabschiebungen" VALUES('09.02.','Nigeria','3','10','NW, BW','Italien',NULL,NULL,NULL);
INSERT INTO "frontexabschiebungen" VALUES('14.02.','Serbien','62','39','NW, NI, BY,HE, ST','Deutschland/Bundespolizeipräsidium','Air Berlin','Düsseldorf','ca. 45 000Euro');
INSERT INTO "frontexabschiebungen" VALUES('23.02.','Ukraine,Georgien','1 GEO','3','NW','Spanien',NULL,NULL,NULL);
INSERT INTO "frontexabschiebungen" VALUES('07.03.','Nigeria','1','3','HE','Österreich',NULL,NULL,NULL);
INSERT INTO "frontexabschiebungen" VALUES('13.03.','Serbien','61','34','NW, BY, HE,NI, RP','Deutschland/Bundespolizeipräsidium','Air Berlin','Düsseldorf','ca. 45 000Euro');
INSERT INTO "frontexabschiebungen" VALUES('27.03.','Georgien,Armenien','4 GEO3 ARM','17','NW, TH, NI,HE, RP','Österreich',NULL,NULL,NULL);
INSERT INTO "frontexabschiebungen" VALUES('17.04.','Serbien','66','30','NW, NI, MV,SL','Deutschland/Bundespolizeipräsidium','Air Berlin','Düsseldorf','ca. 45 000Euro');
INSERT INTO "frontexabschiebungen" VALUES('19.04.','Nigeria','9','29','NW, HH, BW,RP, HE','Italien',NULL,NULL,NULL);
INSERT INTO "frontexabschiebungen" VALUES('26.04.','Kosovo','49','39','BW, BY, HE,RP, SL, NWe,HH, SH, BB','Deutschland/Bundespolizeipräsidium','Air Berlin','Stuttgart','ca. 62 000Euro');
INSERT INTO "frontexabschiebungen" VALUES('27.04.','Ukraine,Georgien','1 UKR,1 GEO','5','BW, TH','Spanien',NULL,NULL,NULL);
INSERT INTO "frontexabschiebungen" VALUES('15.05.','Serbien','69','36 n','NW, ST, TH,BY, HE, HH','Deutschland/Bundespolizeipräsidium','Air Berlin','Düsseldorf','ca. 45 000Euro');
INSERT INTO "frontexabschiebungen" VALUES('23.05.','Nigeria','3','12','NI, BY, BW','Österreich',NULL,NULL,NULL);
INSERT INTO "frontexabschiebungen" VALUES('31.05.','Nigeria','2','7','NW','Norwegen',NULL,NULL,NULL);
INSERT INTO "frontexabschiebungen" VALUES('13.06.','Armenien,Georgien','3 ARM,5 GEO','13','NI, HE, NW','Österreich',NULL,NULL,NULL);
INSERT INTO "frontexabschiebungen" VALUES('27.06.','Kosovo','37','29','NW, NI, BY,BE, HE, SN','Deutschland/Bundespolizeipräsidium','Air Berlin','Düsseldorf','ca. 62 000Euro');
INSERT INTO "frontexabschiebungen" VALUES('28.06.','Nigeria','3','10','BY, BW','Italien',NULL,NULL,NULL);
INSERT INTO "frontexabschiebungen" VALUES('29.06.','Ukraine,Georgien','1 UKR,5 GEO','14','RP, BW, TH','Spanien',NULL,NULL,NULL);
INSERT INTO "frontexabschiebungen" VALUES('04.09.','Serbien','38','35','NW, BY, HE,NI, HH, TH','Deutschland/Bundespolizeipräsidium','Air Berlin','Düsseldorf','ca. 45 000Euro');
INSERT INTO "frontexabschiebungen" VALUES('12.09.','Nigeria','1','4','BW','Österreich',NULL,NULL,NULL);
INSERT INTO "frontexabschiebungen" VALUES('18.09.','Kosovo','34','32','NW, ST, HE,RP, BY, BW','Deutschland/Bundespolizeipräsidium','Air Berlin','Düsseldorf','ca. 62 000Euro');
INSERT INTO "frontexabschiebungen" VALUES('11.10.','Georgien','4','10','NI, NW, RP','Österreich',NULL,NULL,NULL);
INSERT INTO "frontexabschiebungen" VALUES('17.10.','Nigeria','7','20','NW, HE, HH,BE','Österreich',NULL,NULL,NULL);
INSERT INTO "frontexabschiebungen" VALUES('08.11.','Serbien','61','39','NW, TH, NI','Deutschland/Bundespolizeipräsidium','Air Berlin','Düsseldorf','ca. 45 000Euro');
INSERT INTO "frontexabschiebungen" VALUES('13.11.','Kosovo','32','39','BW, NW, BB,HE, BY, TH','Deutschland/Bundespolizeipräsidium','Air Berlin','Stuttgart','ca. 62 000Euro');
INSERT INTO "frontexabschiebungen" VALUES('05.12.','Nigeria','10','31','NW, BY, BW,BE, RP','Österreich',NULL,NULL,NULL);
INSERT INTO "frontexabschiebungen" VALUES('05.12.','Serbien','48','25','NW, NI','Schweden',NULL,NULL,NULL);
INSERT INTO "frontexabschiebungen" VALUES('12.12.','Armenien,Georgien','4 GEO','16','NW, NI','Österreich',NULL,NULL,NULL);

INSERT INTO "gescheitert_fluggesellschaft_flughafen" VALUES('Frankfurt am Main','10');
INSERT INTO "gescheitert_fluggesellschaft_flughafen" VALUES('Berlin-Tegel','9');
INSERT INTO "gescheitert_fluggesellschaft_flughafen" VALUES('Köln/Bonn','2');
INSERT INTO "gescheitert_fluggesellschaft_flughafen" VALUES('Hamburg','1');

INSERT INTO "gescheitert_fluggesellschaft_nationalitaet" VALUES('Lufthansa','8');
INSERT INTO "gescheitert_fluggesellschaft_nationalitaet" VALUES('Brussels Airlines','7');
INSERT INTO "gescheitert_fluggesellschaft_nationalitaet" VALUES('Germanwings','2');
INSERT INTO "gescheitert_fluggesellschaft_nationalitaet" VALUES('Iberia','1');
INSERT INTO "gescheitert_fluggesellschaft_nationalitaet" VALUES('Adria Airways','1');
INSERT INTO "gescheitert_fluggesellschaft_nationalitaet" VALUES('Austrian Airlines','1');
INSERT INTO "gescheitert_fluggesellschaft_nationalitaet" VALUES('Qatar Airways','1');
INSERT INTO "gescheitert_fluggesellschaft_nationalitaet" VALUES('Tunisair','1');

INSERT INTO "gescheitert_medizinisch_flughafen" VALUES('Frankfurt am Main','12');
INSERT INTO "gescheitert_medizinisch_flughafen" VALUES('Berlin-Tegel','11');
INSERT INTO "gescheitert_medizinisch_flughafen" VALUES('Hannover','7');
INSERT INTO "gescheitert_medizinisch_flughafen" VALUES('München','5');
INSERT INTO "gescheitert_medizinisch_flughafen" VALUES('Düsseldorf','4');
INSERT INTO "gescheitert_medizinisch_flughafen" VALUES('Stuttgart','2');
INSERT INTO "gescheitert_medizinisch_flughafen" VALUES('Hamburg','1');

INSERT INTO "gescheitert_medizinisch_nationalitaet" VALUES('Afghanistan','7');
INSERT INTO "gescheitert_medizinisch_nationalitaet" VALUES('Syrien','6');
INSERT INTO "gescheitert_medizinisch_nationalitaet" VALUES('Kirgisistan','4');
INSERT INTO "gescheitert_medizinisch_nationalitaet" VALUES('Nigeria','3');
INSERT INTO "gescheitert_medizinisch_nationalitaet" VALUES('Tunesien','3');
INSERT INTO "gescheitert_medizinisch_nationalitaet" VALUES('Ghana','2');
INSERT INTO "gescheitert_medizinisch_nationalitaet" VALUES('Irak','2');
INSERT INTO "gescheitert_medizinisch_nationalitaet" VALUES('Marokko','2');
INSERT INTO "gescheitert_medizinisch_nationalitaet" VALUES('Mazedonien','2');
INSERT INTO "gescheitert_medizinisch_nationalitaet" VALUES('Serbien','2');
INSERT INTO "gescheitert_medizinisch_nationalitaet" VALUES('Bosnien-Herzegowina','1');
INSERT INTO "gescheitert_medizinisch_nationalitaet" VALUES('Burkina Faso','1');
INSERT INTO "gescheitert_medizinisch_nationalitaet" VALUES('Georgien','1');
INSERT INTO "gescheitert_medizinisch_nationalitaet" VALUES('Guinea','1');
INSERT INTO "gescheitert_medizinisch_nationalitaet" VALUES('Iran','1');
INSERT INTO "gescheitert_medizinisch_nationalitaet" VALUES('Kamerun','1');
INSERT INTO "gescheitert_medizinisch_nationalitaet" VALUES('Polen','1');
INSERT INTO "gescheitert_medizinisch_nationalitaet" VALUES('Simbabwe','1');
INSERT INTO "gescheitert_medizinisch_nationalitaet" VALUES('Tschad','1');

INSERT INTO "gescheitert_widerstand_flughafen" VALUES('Frankfurt am Main','63');
INSERT INTO "gescheitert_widerstand_flughafen" VALUES('Hamburg','12');
INSERT INTO "gescheitert_widerstand_flughafen" VALUES('München','8');
INSERT INTO "gescheitert_widerstand_flughafen" VALUES('Düsseldorf','6');
INSERT INTO "gescheitert_widerstand_flughafen" VALUES('Hannover','2');
INSERT INTO "gescheitert_widerstand_flughafen" VALUES('Köln/Bonn','1');
INSERT INTO "gescheitert_widerstand_flughafen" VALUES('Stuttgart','1');

INSERT INTO "gescheitert_widerstand_nationalitaet" VALUES('Nigeria','10');
INSERT INTO "gescheitert_widerstand_nationalitaet" VALUES('Somalia','10');
INSERT INTO "gescheitert_widerstand_nationalitaet" VALUES('Algerien','9');
INSERT INTO "gescheitert_widerstand_nationalitaet" VALUES('Indien','6');
INSERT INTO "gescheitert_widerstand_nationalitaet" VALUES('Syrien','6');
INSERT INTO "gescheitert_widerstand_nationalitaet" VALUES('Afghanistan','5');
INSERT INTO "gescheitert_widerstand_nationalitaet" VALUES('Armenien','4');
INSERT INTO "gescheitert_widerstand_nationalitaet" VALUES('Ghana','4');
INSERT INTO "gescheitert_widerstand_nationalitaet" VALUES('Tunesien','4');
INSERT INTO "gescheitert_widerstand_nationalitaet" VALUES('Guinea','3');
INSERT INTO "gescheitert_widerstand_nationalitaet" VALUES('Irak','3');
INSERT INTO "gescheitert_widerstand_nationalitaet" VALUES('Libanon','3');
INSERT INTO "gescheitert_widerstand_nationalitaet" VALUES('Türkei','3');
INSERT INTO "gescheitert_widerstand_nationalitaet" VALUES('China','2');
INSERT INTO "gescheitert_widerstand_nationalitaet" VALUES('Côte d`Ivoire','2');
INSERT INTO "gescheitert_widerstand_nationalitaet" VALUES('Kongo, Dem. Republik','2');
INSERT INTO "gescheitert_widerstand_nationalitaet" VALUES('Libyen','2');
INSERT INTO "gescheitert_widerstand_nationalitaet" VALUES('Marokko','2');
INSERT INTO "gescheitert_widerstand_nationalitaet" VALUES('Pakistan','2');
INSERT INTO "gescheitert_widerstand_nationalitaet" VALUES('Russische Föderation','2');
INSERT INTO "gescheitert_widerstand_nationalitaet" VALUES('Ägypten','1');
INSERT INTO "gescheitert_widerstand_nationalitaet" VALUES('Äthiopien','1');
INSERT INTO "gescheitert_widerstand_nationalitaet" VALUES('Bosnien-Herzegowina','1');
INSERT INTO "gescheitert_widerstand_nationalitaet" VALUES('Eritrea','1');
INSERT INTO "gescheitert_widerstand_nationalitaet" VALUES('Gambia','1');
INSERT INTO "gescheitert_widerstand_nationalitaet" VALUES('Georgien','1');
INSERT INTO "gescheitert_widerstand_nationalitaet" VALUES('Kamerun','1');
INSERT INTO "gescheitert_widerstand_nationalitaet" VALUES('Sierra Leone','1');
INSERT INTO "gescheitert_widerstand_nationalitaet" VALUES('Tansania','1');

INSERT INTO "gruende_zurueckweisungen" VALUES('A','ohne gültiges Reisedokument');
INSERT INTO "gruende_zurueckweisungen" VALUES('B','im Besitz eines falschen, gefälschten oder verfälschten Reisedokuments');
INSERT INTO "gruende_zurueckweisungen" VALUES('C','ohne gültiges Visum oder ohne gültigen Aufenthaltstitel');
INSERT INTO "gruende_zurueckweisungen" VALUES('D','im Besitz eines falschen, gefälschten oder verfälschten Visums oder Aufenthaltstitels');
INSERT INTO "gruende_zurueckweisungen" VALUES('E','verfügt nicht über die erforderlichen Dokumente zum Nachweis von Aufenthaltszweck und -bedingungen');
INSERT INTO "gruende_zurueckweisungen" VALUES('F','hat sich bereits drei Monate eines Zeitraums von sechs Monaten im Gebiet der Mitgliedsstaaten der EU aufgehalten');
INSERT INTO "gruende_zurueckweisungen" VALUES('G','verfügt nicht über ausreichende Mittel zur Bestreitung des Lebensunterhalts im Verhältnis zur Dauer und zu den Umständen des Aufenthalts oder für die Rückkehr in das Herkunfts- oder Durchreiseland');
INSERT INTO "gruende_zurueckweisungen" VALUES('H','ist zur Einreiseverweigerung ausgeschrieben');
INSERT INTO "gruende_zurueckweisungen" VALUES('I','stellt eine Gefahr für die öffentliche Ordnung, die innere Sicherheit, die öffentliche Gesundheit oder die internationalen Beziehungen eines oder mehrerer der Mitgliedsstaaten der Europäischen Union dar F');

INSERT INTO "tabellenbenennungen" VALUES('abschiebung_luftweg_flughafen','Abschiebungen (auf dem Luftweg) Jahr 2012 – flughafen','1');
INSERT INTO "tabellenbenennungen" VALUES('abschiebung_luftweg_zielgebiet','Abschiebungen (auf dem Luftweg) Jahr 2012 - zielstaat_zielgebiet','1');
INSERT INTO "tabellenbenennungen" VALUES('abschiebung_luftweg_nationalitaet','Abschiebungen (auf dem Luftweg) Jahr 2012 – staatsangehoerigkeit','1');
INSERT INTO "tabellenbenennungen" VALUES('abschiebung_land_zielgebiet','Abschiebungen Landgrenzen Jahr 2012 - zielstaat_zielgebiet','2');
INSERT INTO "tabellenbenennungen" VALUES('abschiebung_land_nationalitaet','Abschiebungen Landgrenzen Jahr 2012 – staatsangehoerigkeit','2');
INSERT INTO "tabellenbenennungen" VALUES('abschiebung_seeweg_zielgebiet','Abschiebungen Seegrenzen Jahr 2012 – zielstaat_zielgebiet','2');
INSERT INTO "tabellenbenennungen" VALUES('abschiebung_seeweg_nationalitaet','Abschiebungen Seegrenzen Jahr 2012 – staatsangehoerigkeit','2');
INSERT INTO "tabellenbenennungen" VALUES('ueberstellung_zielgebiet','Überstellungen nach Mitgliedstaaten','3');
INSERT INTO "tabellenbenennungen" VALUES('ueberstellung_herkunftsstaat','Überstellungen nach Hauptherkunftsstaaten','3');
INSERT INTO "tabellenbenennungen" VALUES('zurueckweisung_luftweg_flughafen','Zurückweisungen auf dem Luftweg – flughafen','4');
INSERT INTO "tabellenbenennungen" VALUES('zurueckschiebung_luftweg_flughafen','Zurückschiebungen auf dem Luftweg – flughafen','4');
INSERT INTO "tabellenbenennungen" VALUES('zurueckweisung_luftweg_zielgebiet','Zurückweisungen auf dem Luftweg – zielstaat_zielgebiet','4');
INSERT INTO "tabellenbenennungen" VALUES('zurueckschiebung_luftweg_zielgebiet','Zurückschiebungen auf dem Luftweg – zielstaat_zielgebiet','4');
INSERT INTO "tabellenbenennungen" VALUES('zurueckweisung_luftweg_nationalitaet','Zurückweisungen auf dem Luftweg – staatsangehoerigkeit','4');
INSERT INTO "tabellenbenennungen" VALUES('zurueckschiebung_luftweg_nationalitaet','Zurückschiebungen auf dem Luftweg – staatsangehoerigkeit','4');
INSERT INTO "tabellenbenennungen" VALUES('zurueckweisungschiebung_minderjaehrig_seeweg','Zurückweisungen und Zurückschiebungen - Seegrenzen Jahr 2012 – zielstaat_zielgebiet','5');
INSERT INTO "tabellenbenennungen" VALUES('zurueckschiebung_landweg_nationalitaet','Zurückschiebungen Landgrenzen 2012 – staatsangehoerigkeit','5');
INSERT INTO "tabellenbenennungen" VALUES('zurueckweisungschiebung_minderjaehrig_zielgebiet','Zurückschiebungen von unbegleiteten Minderjährigen – Grenze','6');
INSERT INTO "tabellenbenennungen" VALUES('zurueckweisungschiebung_minderjaehrig_nationalitaet','Zurückschiebungen von unbegleiteten Minderjährigen – staatsangehoerigkeit','6');
INSERT INTO "tabellenbenennungen" VALUES('zurueckweisung_luftweg_gruende','Zurückweisungen an Luftgrenzen nach gruende_zurueckweisungenn – incl. staatsangehoerigkeit','7');
INSERT INTO "tabellenbenennungen" VALUES('zurueckweisung_seeweg_gruende','Zurückweisungen an Seegrenzen nach gruende_zurueckweisungenn – incl. staatsangehoerigkeit','7');
INSERT INTO "tabellenbenennungen" VALUES('gruende_zurueckweisungen','Zurückweisungsgruende_zurueckweisungen gem. Anhang V der Verordnung (EG) Nr. 562/2006','7');
INSERT INTO "tabellenbenennungen" VALUES('abschiebung_bundeslaender','Abschiebungen nach Bundesländern','8');
INSERT INTO "tabellenbenennungen" VALUES('zurueckschiebung_bundeslaender','Zurückschiebungen nach Bundesländern','8');
INSERT INTO "tabellenbenennungen" VALUES('zurueckweisung_bundeslaender','Zurückweisungen nach Bundesländern','8');
INSERT INTO "tabellenbenennungen" VALUES('frontexabschiebungen','Beteiligungen an Abschiebungsmaßnahmen von Frontex','11');
INSERT INTO "tabellenbenennungen" VALUES('airlinesbegleitung','Abschiebungen in Begleitung von Sicherheitskräften der Luftverkehrsgesellschaften','12');
INSERT INTO "tabellenbenennungen" VALUES('gescheitert_widerstand_flughafen','Abbruch der Abschiebungsversuche aufgrund von Widerstandshandlungen der/des Betroffenen – flughafen','13');
INSERT INTO "tabellenbenennungen" VALUES('gescheitert_widerstand_nationalitaet','Abbruch der Abschiebungsversuche aufgrund von Widerstandshandlungen der/des Betroffenen – staatsangehoerigkeit','13');
INSERT INTO "tabellenbenennungen" VALUES('gescheitert_medizinisch_flughafen','Abbruch der Abschiebungsversuche aufgrund von medizinischer Bedenken – flughafen','14');
INSERT INTO "tabellenbenennungen" VALUES('gescheitert_medizinisch_nationalitaet','Abbruch der Abschiebungsversuche aufgrund von medizinischer Bedenken – staatsangehoerigkeit','14');
INSERT INTO "tabellenbenennungen" VALUES('gescheitert_fluggesellschaft_flughafen','Abbruch der Abschiebungsversuche aufgrund von Weigerung fluggesellschaft oder der Flugzeugführer – flughafen','15');
INSERT INTO "tabellenbenennungen" VALUES('gescheitert_fluggesellschaft_nationalitaet','Abbruch der Abschiebungsversuche aufgrund von Weigerung fluggesellschaft oder der Flugzeugführer – staatsangehoerigkeit','15');

INSERT INTO "zurueckweisungschiebung_minderjaehrig_nationalitaet" VALUES('Afghanistan','276','0','31','243');
INSERT INTO "zurueckweisungschiebung_minderjaehrig_nationalitaet" VALUES('Algerien','21','0','5','16');
INSERT INTO "zurueckweisungschiebung_minderjaehrig_nationalitaet" VALUES('Syrien','21','0','0','20');
INSERT INTO "zurueckweisungschiebung_minderjaehrig_nationalitaet" VALUES('Marokko','16','0','2','14');
INSERT INTO "zurueckweisungschiebung_minderjaehrig_nationalitaet" VALUES('Irak','13','0','1','10');
INSERT INTO "zurueckweisungschiebung_minderjaehrig_nationalitaet" VALUES('Somalia','7','0','0','7');
INSERT INTO "zurueckweisungschiebung_minderjaehrig_nationalitaet" VALUES('Libyen','5','0','1','4');
INSERT INTO "zurueckweisungschiebung_minderjaehrig_nationalitaet" VALUES('Haiti','4','0','0','4');
INSERT INTO "zurueckweisungschiebung_minderjaehrig_nationalitaet" VALUES('Iran','4','0','0','4');
INSERT INTO "zurueckweisungschiebung_minderjaehrig_nationalitaet" VALUES('Eritrea','3','0','0','1');
INSERT INTO "zurueckweisungschiebung_minderjaehrig_nationalitaet" VALUES('Guinea','3','0','0','3');
INSERT INTO "zurueckweisungschiebung_minderjaehrig_nationalitaet" VALUES('Kongo, Dem. Republik','3','0','0','3');
INSERT INTO "zurueckweisungschiebung_minderjaehrig_nationalitaet" VALUES('Pakistan','3','0','0','3');
INSERT INTO "zurueckweisungschiebung_minderjaehrig_nationalitaet" VALUES('Palästinensische Gebiete','3','0','0','3');
INSERT INTO "zurueckweisungschiebung_minderjaehrig_nationalitaet" VALUES('Türkei','3','0','0','0');
INSERT INTO "zurueckweisungschiebung_minderjaehrig_nationalitaet" VALUES('Serbien','2','1','1','0');
INSERT INTO "zurueckweisungschiebung_minderjaehrig_nationalitaet" VALUES('Tunesien','2','0','0','1');
INSERT INTO "zurueckweisungschiebung_minderjaehrig_nationalitaet" VALUES('Äthiopien','1','0','0','1');
INSERT INTO "zurueckweisungschiebung_minderjaehrig_nationalitaet" VALUES('Bangladesch','1','0','0','1');
INSERT INTO "zurueckweisungschiebung_minderjaehrig_nationalitaet" VALUES('Burkina Faso','1','0','0','1');
INSERT INTO "zurueckweisungschiebung_minderjaehrig_nationalitaet" VALUES('Ghana','1','0','0','1');
INSERT INTO "zurueckweisungschiebung_minderjaehrig_nationalitaet" VALUES('Indien','1','0','0','1');
INSERT INTO "zurueckweisungschiebung_minderjaehrig_nationalitaet" VALUES('Jemen','1','0','0','1');
INSERT INTO "zurueckweisungschiebung_minderjaehrig_nationalitaet" VALUES('Kosovo','1','0','0','0');
INSERT INTO "zurueckweisungschiebung_minderjaehrig_nationalitaet" VALUES('Mali','1','0','0','1');
INSERT INTO "zurueckweisungschiebung_minderjaehrig_nationalitaet" VALUES('Mauretanien','1','0','0','1');
INSERT INTO "zurueckweisungschiebung_minderjaehrig_nationalitaet" VALUES('Niger','1','0','0','1');
INSERT INTO "zurueckweisungschiebung_minderjaehrig_nationalitaet" VALUES('Sierra Leone','1','0','0','1');
INSERT INTO "zurueckweisungschiebung_minderjaehrig_nationalitaet" VALUES('staatenlos','1','0','1','0');
INSERT INTO "zurueckweisungschiebung_minderjaehrig_nationalitaet" VALUES('Vietnam','1','0','0','1');
INSERT INTO "zurueckweisungschiebung_minderjaehrig_nationalitaet" VALUES('Zentralafrikanische Rep.','1','0','0','1');
INSERT INTO "zurueckweisungschiebung_minderjaehrig_nationalitaet" VALUES('Afghanistan','276','0','31','243');
INSERT INTO "zurueckweisungschiebung_minderjaehrig_nationalitaet" VALUES('Algerien','21','0','5','16');
INSERT INTO "zurueckweisungschiebung_minderjaehrig_nationalitaet" VALUES('Syrien','21','0','0','20');
INSERT INTO "zurueckweisungschiebung_minderjaehrig_nationalitaet" VALUES('Marokko','16','0','2','14');
INSERT INTO "zurueckweisungschiebung_minderjaehrig_nationalitaet" VALUES('Irak','13','0','1','10');
INSERT INTO "zurueckweisungschiebung_minderjaehrig_nationalitaet" VALUES('Somalia','7','0','0','7');
INSERT INTO "zurueckweisungschiebung_minderjaehrig_nationalitaet" VALUES('Libyen','5','0','1','4');
INSERT INTO "zurueckweisungschiebung_minderjaehrig_nationalitaet" VALUES('Haiti','4','0','0','4');
INSERT INTO "zurueckweisungschiebung_minderjaehrig_nationalitaet" VALUES('Iran','4','0','0','4');
INSERT INTO "zurueckweisungschiebung_minderjaehrig_nationalitaet" VALUES('Eritrea','3','0','0','1');
INSERT INTO "zurueckweisungschiebung_minderjaehrig_nationalitaet" VALUES('Guinea','3','0','0','3');
INSERT INTO "zurueckweisungschiebung_minderjaehrig_nationalitaet" VALUES('Kongo, Dem. Republik','3','0','0','3');
INSERT INTO "zurueckweisungschiebung_minderjaehrig_nationalitaet" VALUES('Pakistan','3','0','0','3');
INSERT INTO "zurueckweisungschiebung_minderjaehrig_nationalitaet" VALUES('Palästinensische Gebiete','3','0','0','3');
INSERT INTO "zurueckweisungschiebung_minderjaehrig_nationalitaet" VALUES('Türkei','3','0','0','0');
INSERT INTO "zurueckweisungschiebung_minderjaehrig_nationalitaet" VALUES('Serbien','2','1','1','0');
INSERT INTO "zurueckweisungschiebung_minderjaehrig_nationalitaet" VALUES('Tunesien','2','0','0','1');
INSERT INTO "zurueckweisungschiebung_minderjaehrig_nationalitaet" VALUES('Äthiopien','1','0','0','1');
INSERT INTO "zurueckweisungschiebung_minderjaehrig_nationalitaet" VALUES('Bangladesch','1','0','0','1');
INSERT INTO "zurueckweisungschiebung_minderjaehrig_nationalitaet" VALUES('Burkina Faso','1','0','0','1');
INSERT INTO "zurueckweisungschiebung_minderjaehrig_nationalitaet" VALUES('Ghana','1','0','0','1');
INSERT INTO "zurueckweisungschiebung_minderjaehrig_nationalitaet" VALUES('Indien','1','0','0','1');
INSERT INTO "zurueckweisungschiebung_minderjaehrig_nationalitaet" VALUES('Jemen','1','0','0','1');
INSERT INTO "zurueckweisungschiebung_minderjaehrig_nationalitaet" VALUES('Kosovo','1','0','0','0');
INSERT INTO "zurueckweisungschiebung_minderjaehrig_nationalitaet" VALUES('Mali','1','0','0','1');
INSERT INTO "zurueckweisungschiebung_minderjaehrig_nationalitaet" VALUES('Mauretanien','1','0','0','1');
INSERT INTO "zurueckweisungschiebung_minderjaehrig_nationalitaet" VALUES('Niger','1','0','0','1');
INSERT INTO "zurueckweisungschiebung_minderjaehrig_nationalitaet" VALUES('Sierra Leone','1','0','0','1');
INSERT INTO "zurueckweisungschiebung_minderjaehrig_nationalitaet" VALUES('staatenlos','1','0','1','0');
INSERT INTO "zurueckweisungschiebung_minderjaehrig_nationalitaet" VALUES('Vietnam','1','0','0','1');
INSERT INTO "zurueckweisungschiebung_minderjaehrig_nationalitaet" VALUES('Zentralafrikanische Rep.','1','0','0','1');

INSERT INTO "zurueckweisungschiebung_minderjaehrig_zielgebiet" VALUES('Frankreich','145','0','11','134');
INSERT INTO "zurueckweisungschiebung_minderjaehrig_zielgebiet" VALUES('Flughäfen','87','1','0','76');
INSERT INTO "zurueckweisungschiebung_minderjaehrig_zielgebiet" VALUES('Niederlande','52','0','19','33');
INSERT INTO "zurueckweisungschiebung_minderjaehrig_zielgebiet" VALUES('Belgien','45','0','10','34');
INSERT INTO "zurueckweisungschiebung_minderjaehrig_zielgebiet" VALUES('Österreich','40','0','1','39');
INSERT INTO "zurueckweisungschiebung_minderjaehrig_zielgebiet" VALUES('Schweiz','15','0','0','15');
INSERT INTO "zurueckweisungschiebung_minderjaehrig_zielgebiet" VALUES('Dänemark','9','0','1','8');
INSERT INTO "zurueckweisungschiebung_minderjaehrig_zielgebiet" VALUES('Luxemburg','6','0','0','6');
INSERT INTO "zurueckweisungschiebung_minderjaehrig_zielgebiet" VALUES('Tschech. Republik','4','0','0','3');

INSERT INTO "zurueckweisungschiebung_minderjaehrig_seeweg" VALUES('Serbien','20','1','19');
INSERT INTO "zurueckweisungschiebung_minderjaehrig_seeweg" VALUES('Algerien','14','3','11');
INSERT INTO "zurueckweisungschiebung_minderjaehrig_seeweg" VALUES('Russische Föderation','12','1','11');
INSERT INTO "zurueckweisungschiebung_minderjaehrig_seeweg" VALUES('Afghanistan','11','0','11');
INSERT INTO "zurueckweisungschiebung_minderjaehrig_seeweg" VALUES('Irak','7','0','7');
INSERT INTO "zurueckweisungschiebung_minderjaehrig_seeweg" VALUES('Kosovo','6','0','6');
INSERT INTO "zurueckweisungschiebung_minderjaehrig_seeweg" VALUES('Iran','4','0','4');
INSERT INTO "zurueckweisungschiebung_minderjaehrig_seeweg" VALUES('Marokko','4','2','2');
INSERT INTO "zurueckweisungschiebung_minderjaehrig_seeweg" VALUES('Mazedonien','3','0','3');
INSERT INTO "zurueckweisungschiebung_minderjaehrig_seeweg" VALUES('Syrien','3','0','3');
INSERT INTO "zurueckweisungschiebung_minderjaehrig_seeweg" VALUES('Ukraine','3','3','0');
INSERT INTO "zurueckweisungschiebung_minderjaehrig_seeweg" VALUES('Bosnien-Herzegowina','2','0','2');
INSERT INTO "zurueckweisungschiebung_minderjaehrig_seeweg" VALUES('Indien','2','1','1');
INSERT INTO "zurueckweisungschiebung_minderjaehrig_seeweg" VALUES('Tunesien','2','0','2');
INSERT INTO "zurueckweisungschiebung_minderjaehrig_seeweg" VALUES('Weißrussland','2','0','2');
INSERT INTO "zurueckweisungschiebung_minderjaehrig_seeweg" VALUES('Albanien','1','0','1');
INSERT INTO "zurueckweisungschiebung_minderjaehrig_seeweg" VALUES('Armenien','1','0','1');
INSERT INTO "zurueckweisungschiebung_minderjaehrig_seeweg" VALUES('China','1','1','0');
INSERT INTO "zurueckweisungschiebung_minderjaehrig_seeweg" VALUES('Libanon','1','0','1');
INSERT INTO "zurueckweisungschiebung_minderjaehrig_seeweg" VALUES('Montenegro','1','0','1');
INSERT INTO "zurueckweisungschiebung_minderjaehrig_seeweg" VALUES('Pakistan','1','1','0');
INSERT INTO "zurueckweisungschiebung_minderjaehrig_seeweg" VALUES('Philippinen','1','0','1');
INSERT INTO "zurueckweisungschiebung_minderjaehrig_seeweg" VALUES('Schweden','1','0','1');
INSERT INTO "zurueckweisungschiebung_minderjaehrig_seeweg" VALUES('Simbabwe','1','1','0');
INSERT INTO "zurueckweisungschiebung_minderjaehrig_seeweg" VALUES('Somalia','1','0','1');
INSERT INTO "zurueckweisungschiebung_minderjaehrig_seeweg" VALUES('Sri Lanka','1','0','1');
INSERT INTO "zurueckweisungschiebung_minderjaehrig_seeweg" VALUES('staatenlos','1','0','1');
INSERT INTO "zurueckweisungschiebung_minderjaehrig_seeweg" VALUES('Sudan','1','0','1');
INSERT INTO "zurueckweisungschiebung_minderjaehrig_seeweg" VALUES('USA','1','0','1');
INSERT INTO "zurueckweisungschiebung_minderjaehrig_seeweg" VALUES('Venezuela','1','1','0');

INSERT INTO "zurueckschiebung_bundeslaender" VALUES('Bayern','153');
INSERT INTO "zurueckschiebung_bundeslaender" VALUES('Nordrhein Westfalen','78');
INSERT INTO "zurueckschiebung_bundeslaender" VALUES('Baden Württemberg','46');
INSERT INTO "zurueckschiebung_bundeslaender" VALUES('Mecklenburg Vorpommern','11');
INSERT INTO "zurueckschiebung_bundeslaender" VALUES('Sachsen','10');
INSERT INTO "zurueckschiebung_bundeslaender" VALUES('Berlin','9');
INSERT INTO "zurueckschiebung_bundeslaender" VALUES('Hessen','9');
INSERT INTO "zurueckschiebung_bundeslaender" VALUES('Hamburg','9');
INSERT INTO "zurueckschiebung_bundeslaender" VALUES('Niedersachsen','6');
INSERT INTO "zurueckschiebung_bundeslaender" VALUES('Schleswig Holstein','4');
INSERT INTO "zurueckschiebung_bundeslaender" VALUES('Brandenburg','2');
INSERT INTO "zurueckschiebung_bundeslaender" VALUES('Rheinland Pfalz','2');
INSERT INTO "zurueckschiebung_bundeslaender" VALUES('Saarland','1');
INSERT INTO "zurueckschiebung_bundeslaender" VALUES('Sachsen Anhalt','1');
INSERT INTO "zurueckschiebung_bundeslaender" VALUES('Thüringen','1');
INSERT INTO "zurueckschiebung_bundeslaender" VALUES('Bundespolizei','4075');

INSERT INTO "zurueckschiebung_landweg_nationalitaet" VALUES('Serbien','379');
INSERT INTO "zurueckschiebung_landweg_nationalitaet" VALUES('Afghanistan','304');
INSERT INTO "zurueckschiebung_landweg_nationalitaet" VALUES('Russische Föderation','219');
INSERT INTO "zurueckschiebung_landweg_nationalitaet" VALUES('Kosovo','180');
INSERT INTO "zurueckschiebung_landweg_nationalitaet" VALUES('Georgien','151');
INSERT INTO "zurueckschiebung_landweg_nationalitaet" VALUES('Türkei','147');
INSERT INTO "zurueckschiebung_landweg_nationalitaet" VALUES('Marokko','144');
INSERT INTO "zurueckschiebung_landweg_nationalitaet" VALUES('Tunesien','136');
INSERT INTO "zurueckschiebung_landweg_nationalitaet" VALUES('Mazedonien','133');
INSERT INTO "zurueckschiebung_landweg_nationalitaet" VALUES('Algerien','126');
INSERT INTO "zurueckschiebung_landweg_nationalitaet" VALUES('Pakistan','95');
INSERT INTO "zurueckschiebung_landweg_nationalitaet" VALUES('Irak','90');
INSERT INTO "zurueckschiebung_landweg_nationalitaet" VALUES('Syrien','82');
INSERT INTO "zurueckschiebung_landweg_nationalitaet" VALUES('Vietnam','73');
INSERT INTO "zurueckschiebung_landweg_nationalitaet" VALUES('Armenien','63');
INSERT INTO "zurueckschiebung_landweg_nationalitaet" VALUES('Bosnien-Herzegowina','62');
INSERT INTO "zurueckschiebung_landweg_nationalitaet" VALUES('Albanien','55');
INSERT INTO "zurueckschiebung_landweg_nationalitaet" VALUES('Somalia','52');
INSERT INTO "zurueckschiebung_landweg_nationalitaet" VALUES('Indien','40');
INSERT INTO "zurueckschiebung_landweg_nationalitaet" VALUES('Iran','40');
INSERT INTO "zurueckschiebung_landweg_nationalitaet" VALUES('Bangladesch','38');
INSERT INTO "zurueckschiebung_landweg_nationalitaet" VALUES('Ukraine','38');
INSERT INTO "zurueckschiebung_landweg_nationalitaet" VALUES('Nigeria','37');
INSERT INTO "zurueckschiebung_landweg_nationalitaet" VALUES('ungeklärt','34');
INSERT INTO "zurueckschiebung_landweg_nationalitaet" VALUES('Libyen','32');
INSERT INTO "zurueckschiebung_landweg_nationalitaet" VALUES('Ägypten','30');
INSERT INTO "zurueckschiebung_landweg_nationalitaet" VALUES('Kongo, Dem. Republik','26');
INSERT INTO "zurueckschiebung_landweg_nationalitaet" VALUES('Ghana','24');
INSERT INTO "zurueckschiebung_landweg_nationalitaet" VALUES('Libanon','24');
INSERT INTO "zurueckschiebung_landweg_nationalitaet" VALUES('Guinea','23');
INSERT INTO "zurueckschiebung_landweg_nationalitaet" VALUES('Sri Lanka','23');
INSERT INTO "zurueckschiebung_landweg_nationalitaet" VALUES('Aserbaidschan','21');
INSERT INTO "zurueckschiebung_landweg_nationalitaet" VALUES('China','21');
INSERT INTO "zurueckschiebung_landweg_nationalitaet" VALUES('Kamerun','21');
INSERT INTO "zurueckschiebung_landweg_nationalitaet" VALUES('Mongolei','21');
INSERT INTO "zurueckschiebung_landweg_nationalitaet" VALUES('Palästinensische Gebiete','21');
INSERT INTO "zurueckschiebung_landweg_nationalitaet" VALUES('Gambia','20');
INSERT INTO "zurueckschiebung_landweg_nationalitaet" VALUES('Polen','20');
INSERT INTO "zurueckschiebung_landweg_nationalitaet" VALUES('Eritrea','19');
INSERT INTO "zurueckschiebung_landweg_nationalitaet" VALUES('Montenegro','17');
INSERT INTO "zurueckschiebung_landweg_nationalitaet" VALUES('Frankreich','16');
INSERT INTO "zurueckschiebung_landweg_nationalitaet" VALUES('Sudan','14');
INSERT INTO "zurueckschiebung_landweg_nationalitaet" VALUES('Tschechische Republik','14');
INSERT INTO "zurueckschiebung_landweg_nationalitaet" VALUES('Guinea-Bissau','13');
INSERT INTO "zurueckschiebung_landweg_nationalitaet" VALUES('Mali','13');
INSERT INTO "zurueckschiebung_landweg_nationalitaet" VALUES('Äthiopien','12');
INSERT INTO "zurueckschiebung_landweg_nationalitaet" VALUES('staatenlos','12');
INSERT INTO "zurueckschiebung_landweg_nationalitaet" VALUES('Côte d`Ivoire','11');
INSERT INTO "zurueckschiebung_landweg_nationalitaet" VALUES('Moldau','11');
INSERT INTO "zurueckschiebung_landweg_nationalitaet" VALUES('Tschad','11');
INSERT INTO "zurueckschiebung_landweg_nationalitaet" VALUES('Weißrussland','11');
INSERT INTO "zurueckschiebung_landweg_nationalitaet" VALUES('Kroatien','10');
INSERT INTO "zurueckschiebung_landweg_nationalitaet" VALUES('Kasachstan','9');
INSERT INTO "zurueckschiebung_landweg_nationalitaet" VALUES('Togo','9');
INSERT INTO "zurueckschiebung_landweg_nationalitaet" VALUES('Österreich','8');
INSERT INTO "zurueckschiebung_landweg_nationalitaet" VALUES('Sierra Leone','8');
INSERT INTO "zurueckschiebung_landweg_nationalitaet" VALUES('Mauretanien','7');
INSERT INTO "zurueckschiebung_landweg_nationalitaet" VALUES('Rumänien','7');
INSERT INTO "zurueckschiebung_landweg_nationalitaet" VALUES('Senegal','7');
INSERT INTO "zurueckschiebung_landweg_nationalitaet" VALUES('Kuba','6');
INSERT INTO "zurueckschiebung_landweg_nationalitaet" VALUES('Belgien','5');
INSERT INTO "zurueckschiebung_landweg_nationalitaet" VALUES('Benin','5');
INSERT INTO "zurueckschiebung_landweg_nationalitaet" VALUES('Burkina Faso','5');
INSERT INTO "zurueckschiebung_landweg_nationalitaet" VALUES('Kuwait','5');
INSERT INTO "zurueckschiebung_landweg_nationalitaet" VALUES('Niederlande','5');
INSERT INTO "zurueckschiebung_landweg_nationalitaet" VALUES('Angola','4');
INSERT INTO "zurueckschiebung_landweg_nationalitaet" VALUES('Liberia','4');
INSERT INTO "zurueckschiebung_landweg_nationalitaet" VALUES('Niger','4');
INSERT INTO "zurueckschiebung_landweg_nationalitaet" VALUES('Brasilien','3');
INSERT INTO "zurueckschiebung_landweg_nationalitaet" VALUES('Dominikanische Rep.','3');
INSERT INTO "zurueckschiebung_landweg_nationalitaet" VALUES('Kap Verde','3');
INSERT INTO "zurueckschiebung_landweg_nationalitaet" VALUES('Litauen','3');
INSERT INTO "zurueckschiebung_landweg_nationalitaet" VALUES('Mexiko','3');
INSERT INTO "zurueckschiebung_landweg_nationalitaet" VALUES('Nepal','3');
INSERT INTO "zurueckschiebung_landweg_nationalitaet" VALUES('Peru','3');
INSERT INTO "zurueckschiebung_landweg_nationalitaet" VALUES('Philippinen','3');
INSERT INTO "zurueckschiebung_landweg_nationalitaet" VALUES('Thailand','3');
INSERT INTO "zurueckschiebung_landweg_nationalitaet" VALUES('Uganda','3');
INSERT INTO "zurueckschiebung_landweg_nationalitaet" VALUES('Usbekistan','3');
INSERT INTO "zurueckschiebung_landweg_nationalitaet" VALUES('Bulgarien','2');
INSERT INTO "zurueckschiebung_landweg_nationalitaet" VALUES('Estland','2');
INSERT INTO "zurueckschiebung_landweg_nationalitaet" VALUES('Haiti','2');
INSERT INTO "zurueckschiebung_landweg_nationalitaet" VALUES('Kolumbien','2');
INSERT INTO "zurueckschiebung_landweg_nationalitaet" VALUES('Madagaskar','2');
INSERT INTO "zurueckschiebung_landweg_nationalitaet" VALUES('Saudi-Arabien','2');
INSERT INTO "zurueckschiebung_landweg_nationalitaet" VALUES('Schweiz','2');
INSERT INTO "zurueckschiebung_landweg_nationalitaet" VALUES('Slowakische Republik','2');
INSERT INTO "zurueckschiebung_landweg_nationalitaet" VALUES('Südafrika','2');
INSERT INTO "zurueckschiebung_landweg_nationalitaet" VALUES('Gabun','1');
INSERT INTO "zurueckschiebung_landweg_nationalitaet" VALUES('Indonesien','1');
INSERT INTO "zurueckschiebung_landweg_nationalitaet" VALUES('Israel','1');
INSERT INTO "zurueckschiebung_landweg_nationalitaet" VALUES('Jemen','1');
INSERT INTO "zurueckschiebung_landweg_nationalitaet" VALUES('Jordanien','1');
INSERT INTO "zurueckschiebung_landweg_nationalitaet" VALUES('Kirgisistan','1');
INSERT INTO "zurueckschiebung_landweg_nationalitaet" VALUES('Kongo','1');
INSERT INTO "zurueckschiebung_landweg_nationalitaet" VALUES('Korea, Republik','1');
INSERT INTO "zurueckschiebung_landweg_nationalitaet" VALUES('Ruanda','1');
INSERT INTO "zurueckschiebung_landweg_nationalitaet" VALUES('Taiwan','1');
INSERT INTO "zurueckschiebung_landweg_nationalitaet" VALUES('Trinidad u. Tobago','1');

INSERT INTO "zurueckschiebung_luftweg_flughafen" VALUES('Frankfurt am Main','203');
INSERT INTO "zurueckschiebung_luftweg_flughafen" VALUES('München','227');
INSERT INTO "zurueckschiebung_luftweg_flughafen" VALUES('Düsseldorf','136');
INSERT INTO "zurueckschiebung_luftweg_flughafen" VALUES('Berlin-Tegel','94');
INSERT INTO "zurueckschiebung_luftweg_flughafen" VALUES('Stuttgart','12');
INSERT INTO "zurueckschiebung_luftweg_flughafen" VALUES('Hamburg','248');
INSERT INTO "zurueckschiebung_luftweg_flughafen" VALUES('Berlin-Schönefeld','3');
INSERT INTO "zurueckschiebung_luftweg_flughafen" VALUES('Hannover','9');
INSERT INTO "zurueckschiebung_luftweg_flughafen" VALUES('Dresden','1');
INSERT INTO "zurueckschiebung_luftweg_flughafen" VALUES('Frankfurt am Main','203');
INSERT INTO "zurueckschiebung_luftweg_flughafen" VALUES('München','227');
INSERT INTO "zurueckschiebung_luftweg_flughafen" VALUES('Düsseldorf','136');
INSERT INTO "zurueckschiebung_luftweg_flughafen" VALUES('Berlin-Tegel','94');
INSERT INTO "zurueckschiebung_luftweg_flughafen" VALUES('Stuttgart','12');
INSERT INTO "zurueckschiebung_luftweg_flughafen" VALUES('Hamburg','248');
INSERT INTO "zurueckschiebung_luftweg_flughafen" VALUES('Berlin-Schönefeld','3');
INSERT INTO "zurueckschiebung_luftweg_flughafen" VALUES('Hannover','9');
INSERT INTO "zurueckschiebung_luftweg_flughafen" VALUES('Dresden','1');

INSERT INTO "zurueckschiebung_luftweg_nationalitaet" VALUES('Afghanistan','117');
INSERT INTO "zurueckschiebung_luftweg_nationalitaet" VALUES('Tunesien','83');
INSERT INTO "zurueckschiebung_luftweg_nationalitaet" VALUES('Algerien','60');
INSERT INTO "zurueckschiebung_luftweg_nationalitaet" VALUES('Irak','59');
INSERT INTO "zurueckschiebung_luftweg_nationalitaet" VALUES('Somalia','45');
INSERT INTO "zurueckschiebung_luftweg_nationalitaet" VALUES('Marokko','40');
INSERT INTO "zurueckschiebung_luftweg_nationalitaet" VALUES('Pakistan','38');
INSERT INTO "zurueckschiebung_luftweg_nationalitaet" VALUES('Georgien','38');
INSERT INTO "zurueckschiebung_luftweg_nationalitaet" VALUES('Bangladesch','36');
INSERT INTO "zurueckschiebung_luftweg_nationalitaet" VALUES('Nigeria','31');
INSERT INTO "zurueckschiebung_luftweg_nationalitaet" VALUES('Syrien','29');
INSERT INTO "zurueckschiebung_luftweg_nationalitaet" VALUES('Libyen','25');
INSERT INTO "zurueckschiebung_luftweg_nationalitaet" VALUES('ungeklärt','23');
INSERT INTO "zurueckschiebung_luftweg_nationalitaet" VALUES('Iran','21');
INSERT INTO "zurueckschiebung_luftweg_nationalitaet" VALUES('Ghana','21');
INSERT INTO "zurueckschiebung_luftweg_nationalitaet" VALUES('Russische Föderation','20');
INSERT INTO "zurueckschiebung_luftweg_nationalitaet" VALUES('Eritrea','19');
INSERT INTO "zurueckschiebung_luftweg_nationalitaet" VALUES('Türkei','15');
INSERT INTO "zurueckschiebung_luftweg_nationalitaet" VALUES('Serbien','14');
INSERT INTO "zurueckschiebung_luftweg_nationalitaet" VALUES('Sudan','14');
INSERT INTO "zurueckschiebung_luftweg_nationalitaet" VALUES('Guinea','12');
INSERT INTO "zurueckschiebung_luftweg_nationalitaet" VALUES('Côte d`Ivoire','11');
INSERT INTO "zurueckschiebung_luftweg_nationalitaet" VALUES('Mali','9');
INSERT INTO "zurueckschiebung_luftweg_nationalitaet" VALUES('Tschad','9');
INSERT INTO "zurueckschiebung_luftweg_nationalitaet" VALUES('Indien','8');
INSERT INTO "zurueckschiebung_luftweg_nationalitaet" VALUES('Libanon','8');
INSERT INTO "zurueckschiebung_luftweg_nationalitaet" VALUES('Senegal','8');
INSERT INTO "zurueckschiebung_luftweg_nationalitaet" VALUES('Armenien','8');
INSERT INTO "zurueckschiebung_luftweg_nationalitaet" VALUES('Kosovo','7');
INSERT INTO "zurueckschiebung_luftweg_nationalitaet" VALUES('Äthiopien','7');
INSERT INTO "zurueckschiebung_luftweg_nationalitaet" VALUES('Gambia','7');
INSERT INTO "zurueckschiebung_luftweg_nationalitaet" VALUES('Albanien','4');
INSERT INTO "zurueckschiebung_luftweg_nationalitaet" VALUES('Aserbaidschan','5');
INSERT INTO "zurueckschiebung_luftweg_nationalitaet" VALUES('Sri Lanka','5');
INSERT INTO "zurueckschiebung_luftweg_nationalitaet" VALUES('Sierra Leone','5');
INSERT INTO "zurueckschiebung_luftweg_nationalitaet" VALUES('Niger','5');
INSERT INTO "zurueckschiebung_luftweg_nationalitaet" VALUES('Kongo, Dem. Republik','4');
INSERT INTO "zurueckschiebung_luftweg_nationalitaet" VALUES('Weißrussland','4');
INSERT INTO "zurueckschiebung_luftweg_nationalitaet" VALUES('staatenlos','4');
INSERT INTO "zurueckschiebung_luftweg_nationalitaet" VALUES('Mauretanien','4');
INSERT INTO "zurueckschiebung_luftweg_nationalitaet" VALUES('China','3');
INSERT INTO "zurueckschiebung_luftweg_nationalitaet" VALUES('Ägypten','3');
INSERT INTO "zurueckschiebung_luftweg_nationalitaet" VALUES('Angola','3');
INSERT INTO "zurueckschiebung_luftweg_nationalitaet" VALUES('Kuba','3');
INSERT INTO "zurueckschiebung_luftweg_nationalitaet" VALUES('Kamerun','3');
INSERT INTO "zurueckschiebung_luftweg_nationalitaet" VALUES('Jemen','3');
INSERT INTO "zurueckschiebung_luftweg_nationalitaet" VALUES('Moldau','3');
INSERT INTO "zurueckschiebung_luftweg_nationalitaet" VALUES('Kongo','3');
INSERT INTO "zurueckschiebung_luftweg_nationalitaet" VALUES('Bosnien-Herzegowina','2');
INSERT INTO "zurueckschiebung_luftweg_nationalitaet" VALUES('Montenegro','2');
INSERT INTO "zurueckschiebung_luftweg_nationalitaet" VALUES('Burkina Faso','2');
INSERT INTO "zurueckschiebung_luftweg_nationalitaet" VALUES('Guinea-Bissau','2');
INSERT INTO "zurueckschiebung_luftweg_nationalitaet" VALUES('Togo','2');
INSERT INTO "zurueckschiebung_luftweg_nationalitaet" VALUES('Mazedonien','1');
INSERT INTO "zurueckschiebung_luftweg_nationalitaet" VALUES('Ukraine','1');
INSERT INTO "zurueckschiebung_luftweg_nationalitaet" VALUES('Vietnam','1');
INSERT INTO "zurueckschiebung_luftweg_nationalitaet" VALUES('Usbekistan','1');
INSERT INTO "zurueckschiebung_luftweg_nationalitaet" VALUES('Palästinensische Gebiete','1');
INSERT INTO "zurueckschiebung_luftweg_nationalitaet" VALUES('Jordanien','1');
INSERT INTO "zurueckschiebung_luftweg_nationalitaet" VALUES('Nepal','1');
INSERT INTO "zurueckschiebung_luftweg_nationalitaet" VALUES('Kenia','1');
INSERT INTO "zurueckschiebung_luftweg_nationalitaet" VALUES('Äquatorialguinea','1');
INSERT INTO "zurueckschiebung_luftweg_nationalitaet" VALUES('Benin','1');
INSERT INTO "zurueckschiebung_luftweg_nationalitaet" VALUES('Haiti','1');
INSERT INTO "zurueckschiebung_luftweg_nationalitaet" VALUES('Liberia','1');
INSERT INTO "zurueckschiebung_luftweg_nationalitaet" VALUES('Großbritannien','1');
INSERT INTO "zurueckschiebung_luftweg_nationalitaet" VALUES('Myanmar','1');
INSERT INTO "zurueckschiebung_luftweg_nationalitaet" VALUES('Botsuana','1');
INSERT INTO "zurueckschiebung_luftweg_nationalitaet" VALUES('Dschibuti','1');
INSERT INTO "zurueckschiebung_luftweg_nationalitaet" VALUES('Griechenland','1');

INSERT INTO "zurueckschiebung_luftweg_zielgebiet" VALUES('Italien','297');
INSERT INTO "zurueckschiebung_luftweg_zielgebiet" VALUES('Norwegen','116');
INSERT INTO "zurueckschiebung_luftweg_zielgebiet" VALUES('Schweiz','85');
INSERT INTO "zurueckschiebung_luftweg_zielgebiet" VALUES('Schweden','69');
INSERT INTO "zurueckschiebung_luftweg_zielgebiet" VALUES('Frankreich','49');
INSERT INTO "zurueckschiebung_luftweg_zielgebiet" VALUES('Rumänien','46');
INSERT INTO "zurueckschiebung_luftweg_zielgebiet" VALUES('Belgien','37');
INSERT INTO "zurueckschiebung_luftweg_zielgebiet" VALUES('Spanien','36');
INSERT INTO "zurueckschiebung_luftweg_zielgebiet" VALUES('Dänemark','29');
INSERT INTO "zurueckschiebung_luftweg_zielgebiet" VALUES('Österreich','25');
INSERT INTO "zurueckschiebung_luftweg_zielgebiet" VALUES('Niederlande','22');
INSERT INTO "zurueckschiebung_luftweg_zielgebiet" VALUES('Litauen','16');
INSERT INTO "zurueckschiebung_luftweg_zielgebiet" VALUES('Malta','16');
INSERT INTO "zurueckschiebung_luftweg_zielgebiet" VALUES('Polen','16');
INSERT INTO "zurueckschiebung_luftweg_zielgebiet" VALUES('Ungarn','16');
INSERT INTO "zurueckschiebung_luftweg_zielgebiet" VALUES('Slowak.Republik','14');
INSERT INTO "zurueckschiebung_luftweg_zielgebiet" VALUES('Großbritannien','12');
INSERT INTO "zurueckschiebung_luftweg_zielgebiet" VALUES('Finnland','10');
INSERT INTO "zurueckschiebung_luftweg_zielgebiet" VALUES('Bulgarien','7');
INSERT INTO "zurueckschiebung_luftweg_zielgebiet" VALUES('Lettland','7');
INSERT INTO "zurueckschiebung_luftweg_zielgebiet" VALUES('Kosovo','1');
INSERT INTO "zurueckschiebung_luftweg_zielgebiet" VALUES('Irland','2');
INSERT INTO "zurueckschiebung_luftweg_zielgebiet" VALUES('Portugal','2');
INSERT INTO "zurueckschiebung_luftweg_zielgebiet" VALUES('Tschech.Republik','2');
INSERT INTO "zurueckschiebung_luftweg_zielgebiet" VALUES('Zypern','1');

INSERT INTO "zurueckweisung_bundeslaender" VALUES('Bayern','21');
INSERT INTO "zurueckweisung_bundeslaender" VALUES('Hamburg','5');
INSERT INTO "zurueckweisung_bundeslaender" VALUES('Bundespolizei','3803');

INSERT INTO "zurueckweisung_luftweg_flughafen" VALUES('Frankfurt am Main','1781');
INSERT INTO "zurueckweisung_luftweg_flughafen" VALUES('München','642');
INSERT INTO "zurueckweisung_luftweg_flughafen" VALUES('Düsseldorf','585');
INSERT INTO "zurueckweisung_luftweg_flughafen" VALUES('Berlin-Tegel','217');
INSERT INTO "zurueckweisung_luftweg_flughafen" VALUES('Stuttgart','196');
INSERT INTO "zurueckweisung_luftweg_flughafen" VALUES('Hamburg','87');
INSERT INTO "zurueckweisung_luftweg_flughafen" VALUES('Köln/Bonn','74');
INSERT INTO "zurueckweisung_luftweg_flughafen" VALUES('Berlin-Schönefeld','73');
INSERT INTO "zurueckweisung_luftweg_flughafen" VALUES('Dortmund','44');
INSERT INTO "zurueckweisung_luftweg_flughafen" VALUES('Hannover','37');
INSERT INTO "zurueckweisung_luftweg_flughafen" VALUES('Hahn','21');
INSERT INTO "zurueckweisung_luftweg_flughafen" VALUES('Memmingen','14');
INSERT INTO "zurueckweisung_luftweg_flughafen" VALUES('Leipzig','11');
INSERT INTO "zurueckweisung_luftweg_flughafen" VALUES('Bremen','8');
INSERT INTO "zurueckweisung_luftweg_flughafen" VALUES('Dresden','7');
INSERT INTO "zurueckweisung_luftweg_flughafen" VALUES('Nürnberg','7');
INSERT INTO "zurueckweisung_luftweg_flughafen" VALUES('Ramstein Air Base','5');
INSERT INTO "zurueckweisung_luftweg_flughafen" VALUES('Karlsruhe/Baden-Baden','1');
INSERT INTO "zurueckweisung_luftweg_flughafen" VALUES('Friedrichshafen','2');
INSERT INTO "zurueckweisung_luftweg_flughafen" VALUES('Lübeck','1');
INSERT INTO "zurueckweisung_luftweg_flughafen" VALUES('Weeze','1');

INSERT INTO "zurueckweisung_luftweg_gruende" VALUES('Russische Föderation','543','3','1','252','2','151','6','3','16','109');
INSERT INTO "zurueckweisung_luftweg_gruende" VALUES('Türkei','372','1','16','216','9','57','12','6','28','27');
INSERT INTO "zurueckweisung_luftweg_gruende" VALUES('China','301','1','2','160','21','22','1',NULL,'11','83');
INSERT INTO "zurueckweisung_luftweg_gruende" VALUES('Serbien','170',NULL,'2','37',NULL,'3','12','40','70','6');
INSERT INTO "zurueckweisung_luftweg_gruende" VALUES('Albanien','150','1','2','27',NULL,'6','4','23','71','16');
INSERT INTO "zurueckweisung_luftweg_gruende" VALUES('Mazedonien','134',NULL,NULL,'48',NULL,NULL,'12','29','43','2');
INSERT INTO "zurueckweisung_luftweg_gruende" VALUES('Ukraine','130',NULL,'1','68',NULL,'29','3',NULL,'7','22');
INSERT INTO "zurueckweisung_luftweg_gruende" VALUES('Indien','127',NULL,'5','82',NULL,'16','1','1','3','19');
INSERT INTO "zurueckweisung_luftweg_gruende" VALUES('Brasilien','103',NULL,'2','21',NULL,'9','1','13','34','23');
INSERT INTO "zurueckweisung_luftweg_gruende" VALUES('Kosovo','86',NULL,'1','30','1','11','1','4','25','13');

INSERT INTO "zurueckweisung_luftweg_nationalitaet" VALUES('Russische Föderation','543');
INSERT INTO "zurueckweisung_luftweg_nationalitaet" VALUES('Türkei','372');
INSERT INTO "zurueckweisung_luftweg_nationalitaet" VALUES('China','301');
INSERT INTO "zurueckweisung_luftweg_nationalitaet" VALUES('Serbien','170');
INSERT INTO "zurueckweisung_luftweg_nationalitaet" VALUES('Albanien','150');
INSERT INTO "zurueckweisung_luftweg_nationalitaet" VALUES('Mazedonien','134');
INSERT INTO "zurueckweisung_luftweg_nationalitaet" VALUES('Ukraine','130');
INSERT INTO "zurueckweisung_luftweg_nationalitaet" VALUES('Indien','127');
INSERT INTO "zurueckweisung_luftweg_nationalitaet" VALUES('Brasilien','103');
INSERT INTO "zurueckweisung_luftweg_nationalitaet" VALUES('Kosovo','86');
INSERT INTO "zurueckweisung_luftweg_nationalitaet" VALUES('Libyen','77');
INSERT INTO "zurueckweisung_luftweg_nationalitaet" VALUES('Iran','76');
INSERT INTO "zurueckweisung_luftweg_nationalitaet" VALUES('Kasachstan','74');
INSERT INTO "zurueckweisung_luftweg_nationalitaet" VALUES('Irak','60');
INSERT INTO "zurueckweisung_luftweg_nationalitaet" VALUES('Saudi-Arabien','56');
INSERT INTO "zurueckweisung_luftweg_nationalitaet" VALUES('Nigeria','52');
INSERT INTO "zurueckweisung_luftweg_nationalitaet" VALUES('Mexiko','50');
INSERT INTO "zurueckweisung_luftweg_nationalitaet" VALUES('Dominikanische Rep.','48');
INSERT INTO "zurueckweisung_luftweg_nationalitaet" VALUES('Pakistan','47');
INSERT INTO "zurueckweisung_luftweg_nationalitaet" VALUES('Libanon','41');
INSERT INTO "zurueckweisung_luftweg_nationalitaet" VALUES('Algerien','40');
INSERT INTO "zurueckweisung_luftweg_nationalitaet" VALUES('Ägypten','37');
INSERT INTO "zurueckweisung_luftweg_nationalitaet" VALUES('Ghana','37');
INSERT INTO "zurueckweisung_luftweg_nationalitaet" VALUES('Südafrika','37');
INSERT INTO "zurueckweisung_luftweg_nationalitaet" VALUES('Kolumbien','34');
INSERT INTO "zurueckweisung_luftweg_nationalitaet" VALUES('Marokko','34');
INSERT INTO "zurueckweisung_luftweg_nationalitaet" VALUES('Äthiopien','32');
INSERT INTO "zurueckweisung_luftweg_nationalitaet" VALUES('Vietnam','30');
INSERT INTO "zurueckweisung_luftweg_nationalitaet" VALUES('Bosnien-Herzegowina','29');
INSERT INTO "zurueckweisung_luftweg_nationalitaet" VALUES('Philippinen','26');
INSERT INTO "zurueckweisung_luftweg_nationalitaet" VALUES('Tunesien','24');
INSERT INTO "zurueckweisung_luftweg_nationalitaet" VALUES('Paraguay','23');
INSERT INTO "zurueckweisung_luftweg_nationalitaet" VALUES('Afghanistan','22');
INSERT INTO "zurueckweisung_luftweg_nationalitaet" VALUES('Aserbaidschan','22');
INSERT INTO "zurueckweisung_luftweg_nationalitaet" VALUES('Kroatien','22');
INSERT INTO "zurueckweisung_luftweg_nationalitaet" VALUES('Montenegro','22');
INSERT INTO "zurueckweisung_luftweg_nationalitaet" VALUES('Angola','21');
INSERT INTO "zurueckweisung_luftweg_nationalitaet" VALUES('Venezuela','21');
INSERT INTO "zurueckweisung_luftweg_nationalitaet" VALUES('Kongo, Dem. Republik','20');
INSERT INTO "zurueckweisung_luftweg_nationalitaet" VALUES('Weißrussland','20');
INSERT INTO "zurueckweisung_luftweg_nationalitaet" VALUES('Argentinien','19');
INSERT INTO "zurueckweisung_luftweg_nationalitaet" VALUES('Georgien','19');
INSERT INTO "zurueckweisung_luftweg_nationalitaet" VALUES('Syrien','16');
INSERT INTO "zurueckweisung_luftweg_nationalitaet" VALUES('Kuba','15');
INSERT INTO "zurueckweisung_luftweg_nationalitaet" VALUES('Kuwait','15');
INSERT INTO "zurueckweisung_luftweg_nationalitaet" VALUES('Usbekistan','15');
INSERT INTO "zurueckweisung_luftweg_nationalitaet" VALUES('Ver. Arabische Emirate','15');
INSERT INTO "zurueckweisung_luftweg_nationalitaet" VALUES('Chile','14');
INSERT INTO "zurueckweisung_luftweg_nationalitaet" VALUES('Kamerun','14');
INSERT INTO "zurueckweisung_luftweg_nationalitaet" VALUES('USA','14');
INSERT INTO "zurueckweisung_luftweg_nationalitaet" VALUES('Indonesien','13');
INSERT INTO "zurueckweisung_luftweg_nationalitaet" VALUES('Jemen','13');
INSERT INTO "zurueckweisung_luftweg_nationalitaet" VALUES('Moldau','13');
INSERT INTO "zurueckweisung_luftweg_nationalitaet" VALUES('Palästinensische Gebiete','13');
INSERT INTO "zurueckweisung_luftweg_nationalitaet" VALUES('staatenlos','13');
INSERT INTO "zurueckweisung_luftweg_nationalitaet" VALUES('Thailand','13');
INSERT INTO "zurueckweisung_luftweg_nationalitaet" VALUES('Jordanien','12');
INSERT INTO "zurueckweisung_luftweg_nationalitaet" VALUES('Nepal','12');
INSERT INTO "zurueckweisung_luftweg_nationalitaet" VALUES('Sri Lanka','12');
INSERT INTO "zurueckweisung_luftweg_nationalitaet" VALUES('Peru','10');
INSERT INTO "zurueckweisung_luftweg_nationalitaet" VALUES('Guinea','9');
INSERT INTO "zurueckweisung_luftweg_nationalitaet" VALUES('Jamaika','9');
INSERT INTO "zurueckweisung_luftweg_nationalitaet" VALUES('Kirgisistan','9');
INSERT INTO "zurueckweisung_luftweg_nationalitaet" VALUES('Mali','9');
INSERT INTO "zurueckweisung_luftweg_nationalitaet" VALUES('Mongolei','9');
INSERT INTO "zurueckweisung_luftweg_nationalitaet" VALUES('Somalia','9');
INSERT INTO "zurueckweisung_luftweg_nationalitaet" VALUES('ungeklärt','9');
INSERT INTO "zurueckweisung_luftweg_nationalitaet" VALUES('Ecuador','8');
INSERT INTO "zurueckweisung_luftweg_nationalitaet" VALUES('Eritrea','8');
INSERT INTO "zurueckweisung_luftweg_nationalitaet" VALUES('Kanada','8');
INSERT INTO "zurueckweisung_luftweg_nationalitaet" VALUES('Kenia','8');
INSERT INTO "zurueckweisung_luftweg_nationalitaet" VALUES('Senegal','8');
INSERT INTO "zurueckweisung_luftweg_nationalitaet" VALUES('Bolivien','7');
INSERT INTO "zurueckweisung_luftweg_nationalitaet" VALUES('Gabun','7');
INSERT INTO "zurueckweisung_luftweg_nationalitaet" VALUES('Malaysia','7');
INSERT INTO "zurueckweisung_luftweg_nationalitaet" VALUES('Namibia','7');
INSERT INTO "zurueckweisung_luftweg_nationalitaet" VALUES('Sudan','7');
INSERT INTO "zurueckweisung_luftweg_nationalitaet" VALUES('Australien','6');
INSERT INTO "zurueckweisung_luftweg_nationalitaet" VALUES('El Salvador','6');
INSERT INTO "zurueckweisung_luftweg_nationalitaet" VALUES('Côte d`Ivoire','5');
INSERT INTO "zurueckweisung_luftweg_nationalitaet" VALUES('Honduras','5');
INSERT INTO "zurueckweisung_luftweg_nationalitaet" VALUES('Israel','5');
INSERT INTO "zurueckweisung_luftweg_nationalitaet" VALUES('Katar','5');
INSERT INTO "zurueckweisung_luftweg_nationalitaet" VALUES('Kongo','5');
INSERT INTO "zurueckweisung_luftweg_nationalitaet" VALUES('Oman','5');
INSERT INTO "zurueckweisung_luftweg_nationalitaet" VALUES('Bangladesch','4');
INSERT INTO "zurueckweisung_luftweg_nationalitaet" VALUES('Burkina Faso','4');
INSERT INTO "zurueckweisung_luftweg_nationalitaet" VALUES('Komoren','4');
INSERT INTO "zurueckweisung_luftweg_nationalitaet" VALUES('Simbabwe','4');
INSERT INTO "zurueckweisung_luftweg_nationalitaet" VALUES('Swasiland','4');
INSERT INTO "zurueckweisung_luftweg_nationalitaet" VALUES('Tadschikistan','4');
INSERT INTO "zurueckweisung_luftweg_nationalitaet" VALUES('Uruguay','4');
INSERT INTO "zurueckweisung_luftweg_nationalitaet" VALUES('Äquatorialguinea','3');
INSERT INTO "zurueckweisung_luftweg_nationalitaet" VALUES('Armenien','3');
INSERT INTO "zurueckweisung_luftweg_nationalitaet" VALUES('Benin','3');
INSERT INTO "zurueckweisung_luftweg_nationalitaet" VALUES('Costa Rica','3');
INSERT INTO "zurueckweisung_luftweg_nationalitaet" VALUES('Guatemala','3');
INSERT INTO "zurueckweisung_luftweg_nationalitaet" VALUES('Haiti','3');
INSERT INTO "zurueckweisung_luftweg_nationalitaet" VALUES('Liberia','3');
INSERT INTO "zurueckweisung_luftweg_nationalitaet" VALUES('Rumänien','3');
INSERT INTO "zurueckweisung_luftweg_nationalitaet" VALUES('St. Lucia','3');
INSERT INTO "zurueckweisung_luftweg_nationalitaet" VALUES('Suriname','3');
INSERT INTO "zurueckweisung_luftweg_nationalitaet" VALUES('Taiwan','3');
INSERT INTO "zurueckweisung_luftweg_nationalitaet" VALUES('Tansania','3');
INSERT INTO "zurueckweisung_luftweg_nationalitaet" VALUES('Trinidad u. Tobago','3');
INSERT INTO "zurueckweisung_luftweg_nationalitaet" VALUES('Gambia','2');
INSERT INTO "zurueckweisung_luftweg_nationalitaet" VALUES('Japan','2');
INSERT INTO "zurueckweisung_luftweg_nationalitaet" VALUES('Kap Verde','2');
INSERT INTO "zurueckweisung_luftweg_nationalitaet" VALUES('Korea, Republik','2');
INSERT INTO "zurueckweisung_luftweg_nationalitaet" VALUES('Mauritius','2');
INSERT INTO "zurueckweisung_luftweg_nationalitaet" VALUES('Neuseeland','2');
INSERT INTO "zurueckweisung_luftweg_nationalitaet" VALUES('Niederlande','2');
INSERT INTO "zurueckweisung_luftweg_nationalitaet" VALUES('Ruanda','2');
INSERT INTO "zurueckweisung_luftweg_nationalitaet" VALUES('Sierra Leone','2');
INSERT INTO "zurueckweisung_luftweg_nationalitaet" VALUES('Bahrain','1');
INSERT INTO "zurueckweisung_luftweg_nationalitaet" VALUES('Brit. Amerika','1');
INSERT INTO "zurueckweisung_luftweg_nationalitaet" VALUES('Bulgarien','1');
INSERT INTO "zurueckweisung_luftweg_nationalitaet" VALUES('Burundi','1');
INSERT INTO "zurueckweisung_luftweg_nationalitaet" VALUES('Grenada','1');
INSERT INTO "zurueckweisung_luftweg_nationalitaet" VALUES('Großbritannien','1');
INSERT INTO "zurueckweisung_luftweg_nationalitaet" VALUES('Guinea-Bissau','1');
INSERT INTO "zurueckweisung_luftweg_nationalitaet" VALUES('Guyana','1');
INSERT INTO "zurueckweisung_luftweg_nationalitaet" VALUES('Kambodscha','1');
INSERT INTO "zurueckweisung_luftweg_nationalitaet" VALUES('Malawi','1');
INSERT INTO "zurueckweisung_luftweg_nationalitaet" VALUES('Malediven','1');
INSERT INTO "zurueckweisung_luftweg_nationalitaet" VALUES('Mauretanien','1');
INSERT INTO "zurueckweisung_luftweg_nationalitaet" VALUES('Mosambik','1');
INSERT INTO "zurueckweisung_luftweg_nationalitaet" VALUES('Myanmar','1');
INSERT INTO "zurueckweisung_luftweg_nationalitaet" VALUES('Nicaragua','1');
INSERT INTO "zurueckweisung_luftweg_nationalitaet" VALUES('Sambia','1');
INSERT INTO "zurueckweisung_luftweg_nationalitaet" VALUES('Serbien u. Montenegro','1');
INSERT INTO "zurueckweisung_luftweg_nationalitaet" VALUES('Togo','1');
INSERT INTO "zurueckweisung_luftweg_nationalitaet" VALUES('Turkmenistan','1');

INSERT INTO "zurueckweisung_luftweg_zielgebiet" VALUES('Russische Föderation','568');
INSERT INTO "zurueckweisung_luftweg_zielgebiet" VALUES('Türkei','504');
INSERT INTO "zurueckweisung_luftweg_zielgebiet" VALUES('Großbritannien','243');
INSERT INTO "zurueckweisung_luftweg_zielgebiet" VALUES('Kosovo','221');
INSERT INTO "zurueckweisung_luftweg_zielgebiet" VALUES('Serbien','192');
INSERT INTO "zurueckweisung_luftweg_zielgebiet" VALUES('China','180');
INSERT INTO "zurueckweisung_luftweg_zielgebiet" VALUES('Brasilien','140');
INSERT INTO "zurueckweisung_luftweg_zielgebiet" VALUES('USA','138');
INSERT INTO "zurueckweisung_luftweg_zielgebiet" VALUES('Ukraine','113');
INSERT INTO "zurueckweisung_luftweg_zielgebiet" VALUES('Vereinigte Arab.Emir','95');
INSERT INTO "zurueckweisung_luftweg_zielgebiet" VALUES('Italien','66');
INSERT INTO "zurueckweisung_luftweg_zielgebiet" VALUES('Saudi Arabien','55');
INSERT INTO "zurueckweisung_luftweg_zielgebiet" VALUES('Indien','52');
INSERT INTO "zurueckweisung_luftweg_zielgebiet" VALUES('Kasachstan','49');
INSERT INTO "zurueckweisung_luftweg_zielgebiet" VALUES('Katar','49');
INSERT INTO "zurueckweisung_luftweg_zielgebiet" VALUES('Kroatien','49');
INSERT INTO "zurueckweisung_luftweg_zielgebiet" VALUES('Dominikanische Rep.','46');
INSERT INTO "zurueckweisung_luftweg_zielgebiet" VALUES('Libyen','45');
INSERT INTO "zurueckweisung_luftweg_zielgebiet" VALUES('Marokko','44');
INSERT INTO "zurueckweisung_luftweg_zielgebiet" VALUES('Tunesien','43');
INSERT INTO "zurueckweisung_luftweg_zielgebiet" VALUES('Libanon','41');
INSERT INTO "zurueckweisung_luftweg_zielgebiet" VALUES('Albanien','40');
INSERT INTO "zurueckweisung_luftweg_zielgebiet" VALUES('Mexiko','38');
INSERT INTO "zurueckweisung_luftweg_zielgebiet" VALUES('Äthiopien','36');
INSERT INTO "zurueckweisung_luftweg_zielgebiet" VALUES('Algerien','35');
INSERT INTO "zurueckweisung_luftweg_zielgebiet" VALUES('Iran','35');
INSERT INTO "zurueckweisung_luftweg_zielgebiet" VALUES('Kolumbien','33');
INSERT INTO "zurueckweisung_luftweg_zielgebiet" VALUES('Mazedonien','31');
INSERT INTO "zurueckweisung_luftweg_zielgebiet" VALUES('Kanada','30');
INSERT INTO "zurueckweisung_luftweg_zielgebiet" VALUES('Ägypten','29');
INSERT INTO "zurueckweisung_luftweg_zielgebiet" VALUES('Nigeria','28');
INSERT INTO "zurueckweisung_luftweg_zielgebiet" VALUES('Rumänien','23');
INSERT INTO "zurueckweisung_luftweg_zielgebiet" VALUES('Venezuela','23');
INSERT INTO "zurueckweisung_luftweg_zielgebiet" VALUES('Argentinien','21');
INSERT INTO "zurueckweisung_luftweg_zielgebiet" VALUES('Ghana','21');
INSERT INTO "zurueckweisung_luftweg_zielgebiet" VALUES('Südafrika','21');
INSERT INTO "zurueckweisung_luftweg_zielgebiet" VALUES('Montenegro','20');
INSERT INTO "zurueckweisung_luftweg_zielgebiet" VALUES('Kuwait','19');
INSERT INTO "zurueckweisung_luftweg_zielgebiet" VALUES('Vietnam','19');
INSERT INTO "zurueckweisung_luftweg_zielgebiet" VALUES('Irak','16');
INSERT INTO "zurueckweisung_luftweg_zielgebiet" VALUES('Jordanien','16');
INSERT INTO "zurueckweisung_luftweg_zielgebiet" VALUES('Spanien','16');
INSERT INTO "zurueckweisung_luftweg_zielgebiet" VALUES('Weißrussland','16');
INSERT INTO "zurueckweisung_luftweg_zielgebiet" VALUES('Bulgarien','15');
INSERT INTO "zurueckweisung_luftweg_zielgebiet" VALUES('Frankreich','14');
INSERT INTO "zurueckweisung_luftweg_zielgebiet" VALUES('Kuba','13');
INSERT INTO "zurueckweisung_luftweg_zielgebiet" VALUES('Usbekistan','13');
INSERT INTO "zurueckweisung_luftweg_zielgebiet" VALUES('Aserbaidschan','12');
INSERT INTO "zurueckweisung_luftweg_zielgebiet" VALUES('Jamaika','12');
INSERT INTO "zurueckweisung_luftweg_zielgebiet" VALUES('Niederlande','12');
INSERT INTO "zurueckweisung_luftweg_zielgebiet" VALUES('Irland','11');
INSERT INTO "zurueckweisung_luftweg_zielgebiet" VALUES('Israel','9');
INSERT INTO "zurueckweisung_luftweg_zielgebiet" VALUES('Thailand','9');
INSERT INTO "zurueckweisung_luftweg_zielgebiet" VALUES('Mongolei','8');
INSERT INTO "zurueckweisung_luftweg_zielgebiet" VALUES('Namibia','8');
INSERT INTO "zurueckweisung_luftweg_zielgebiet" VALUES('Österreich','8');
INSERT INTO "zurueckweisung_luftweg_zielgebiet" VALUES('Schweden','8');
INSERT INTO "zurueckweisung_luftweg_zielgebiet" VALUES('Bahrain','7');
INSERT INTO "zurueckweisung_luftweg_zielgebiet" VALUES('Bosnien-Herzegowina','7');
INSERT INTO "zurueckweisung_luftweg_zielgebiet" VALUES('Kongo','7');
INSERT INTO "zurueckweisung_luftweg_zielgebiet" VALUES('Schweiz','7');
INSERT INTO "zurueckweisung_luftweg_zielgebiet" VALUES('Singapur','7');
INSERT INTO "zurueckweisung_luftweg_zielgebiet" VALUES('Sri Lanka','7');
INSERT INTO "zurueckweisung_luftweg_zielgebiet" VALUES('Gabun','6');
INSERT INTO "zurueckweisung_luftweg_zielgebiet" VALUES('Kenia','6');
INSERT INTO "zurueckweisung_luftweg_zielgebiet" VALUES('Moldau','6');
INSERT INTO "zurueckweisung_luftweg_zielgebiet" VALUES('Pakistan','6');
INSERT INTO "zurueckweisung_luftweg_zielgebiet" VALUES('Taiwan','6');
INSERT INTO "zurueckweisung_luftweg_zielgebiet" VALUES('Belgien','5');
INSERT INTO "zurueckweisung_luftweg_zielgebiet" VALUES('Jemen','5');
INSERT INTO "zurueckweisung_luftweg_zielgebiet" VALUES('Malaysia','5');
INSERT INTO "zurueckweisung_luftweg_zielgebiet" VALUES('Portugal','5');
INSERT INTO "zurueckweisung_luftweg_zielgebiet" VALUES('Sudan','5');
INSERT INTO "zurueckweisung_luftweg_zielgebiet" VALUES('Angola','4');
INSERT INTO "zurueckweisung_luftweg_zielgebiet" VALUES('Chile','4');
INSERT INTO "zurueckweisung_luftweg_zielgebiet" VALUES('Georgien','4');
INSERT INTO "zurueckweisung_luftweg_zielgebiet" VALUES('Tadschikistan','4');
INSERT INTO "zurueckweisung_luftweg_zielgebiet" VALUES('Zypern','4');
INSERT INTO "zurueckweisung_luftweg_zielgebiet" VALUES('Cap Verde','3');
INSERT INTO "zurueckweisung_luftweg_zielgebiet" VALUES('Dänemark','3');
INSERT INTO "zurueckweisung_luftweg_zielgebiet" VALUES('Mauritius','3');
INSERT INTO "zurueckweisung_luftweg_zielgebiet" VALUES('Tschech. Republik','3');
INSERT INTO "zurueckweisung_luftweg_zielgebiet" VALUES('Eritrea','2');
INSERT INTO "zurueckweisung_luftweg_zielgebiet" VALUES('Griechenland','2');
INSERT INTO "zurueckweisung_luftweg_zielgebiet" VALUES('Guinea','2');
INSERT INTO "zurueckweisung_luftweg_zielgebiet" VALUES('Japan','2');
INSERT INTO "zurueckweisung_luftweg_zielgebiet" VALUES('Norwegen','2');
INSERT INTO "zurueckweisung_luftweg_zielgebiet" VALUES('Oman','2');
INSERT INTO "zurueckweisung_luftweg_zielgebiet" VALUES('Santa Lucia','2');
INSERT INTO "zurueckweisung_luftweg_zielgebiet" VALUES('Ungarn','2');
INSERT INTO "zurueckweisung_luftweg_zielgebiet" VALUES('Afghanistan','1');
INSERT INTO "zurueckweisung_luftweg_zielgebiet" VALUES('Armenien','1');
INSERT INTO "zurueckweisung_luftweg_zielgebiet" VALUES('Australien','1');
INSERT INTO "zurueckweisung_luftweg_zielgebiet" VALUES('Bangladesch','1');
INSERT INTO "zurueckweisung_luftweg_zielgebiet" VALUES('Burundi','1');
INSERT INTO "zurueckweisung_luftweg_zielgebiet" VALUES('Costa Rica','1');
INSERT INTO "zurueckweisung_luftweg_zielgebiet" VALUES('Côte d`Ivoire','1');
INSERT INTO "zurueckweisung_luftweg_zielgebiet" VALUES('Finnland','1');
INSERT INTO "zurueckweisung_luftweg_zielgebiet" VALUES('Gambia','1');
INSERT INTO "zurueckweisung_luftweg_zielgebiet" VALUES('Indonesien','1');
INSERT INTO "zurueckweisung_luftweg_zielgebiet" VALUES('Korea, Republik','1');
INSERT INTO "zurueckweisung_luftweg_zielgebiet" VALUES('Luxemburg','1');
INSERT INTO "zurueckweisung_luftweg_zielgebiet" VALUES('Nepal','1');
INSERT INTO "zurueckweisung_luftweg_zielgebiet" VALUES('Peru','1');
INSERT INTO "zurueckweisung_luftweg_zielgebiet" VALUES('Philippinen','1');
INSERT INTO "zurueckweisung_luftweg_zielgebiet" VALUES('Polen','1');
INSERT INTO "zurueckweisung_luftweg_zielgebiet" VALUES('Slowenien','1');
INSERT INTO "zurueckweisung_luftweg_zielgebiet" VALUES('Trinidad u.Tobago','1');

INSERT INTO "zurueckweisung_seeweg_gruende" VALUES('Algerien','3',NULL,NULL,'2',NULL,NULL,NULL,NULL,'1',NULL);
INSERT INTO "zurueckweisung_seeweg_gruende" VALUES('Ukraine','3',NULL,NULL,NULL,NULL,NULL,NULL,NULL,'3',NULL);
INSERT INTO "zurueckweisung_seeweg_gruende" VALUES('Marokko','2',NULL,NULL,'2',NULL,NULL,NULL,NULL,NULL,NULL);
INSERT INTO "zurueckweisung_seeweg_gruende" VALUES('China','1',NULL,NULL,NULL,NULL,NULL,NULL,NULL,'1',NULL);
INSERT INTO "zurueckweisung_seeweg_gruende" VALUES('Indien','1',NULL,NULL,NULL,NULL,NULL,NULL,NULL,'1',NULL);
INSERT INTO "zurueckweisung_seeweg_gruende" VALUES('Pakistan','1',NULL,NULL,NULL,NULL,NULL,NULL,NULL,'1',NULL);
INSERT INTO "zurueckweisung_seeweg_gruende" VALUES('Russische Föderation','1',NULL,NULL,NULL,NULL,NULL,NULL,NULL,'1',NULL);
INSERT INTO "zurueckweisung_seeweg_gruende" VALUES('Serbien','1',NULL,NULL,NULL,NULL,NULL,NULL,NULL,'1',NULL);
INSERT INTO "zurueckweisung_seeweg_gruende" VALUES('Simbabwe','1',NULL,NULL,'1',NULL,NULL,NULL,NULL,NULL,NULL);
INSERT INTO "zurueckweisung_seeweg_gruende" VALUES('Venezuela','1',NULL,NULL,NULL,NULL,NULL,NULL,NULL,'1',NULL);

INSERT INTO "ueberstellung_herkunftsstaat" VALUES('Afghanistan','311','57');
INSERT INTO "ueberstellung_herkunftsstaat" VALUES('Russische Föderation','257','82');
INSERT INTO "ueberstellung_herkunftsstaat" VALUES('Georgien','254','23');
INSERT INTO "ueberstellung_herkunftsstaat" VALUES('Serbien','180','85');
INSERT INTO "ueberstellung_herkunftsstaat" VALUES('Kosovo','171','73');
INSERT INTO "ueberstellung_herkunftsstaat" VALUES('Irak','161','12');
INSERT INTO "ueberstellung_herkunftsstaat" VALUES('Tunesien','156','3');
INSERT INTO "ueberstellung_herkunftsstaat" VALUES('Algerien','116','7');
INSERT INTO "ueberstellung_herkunftsstaat" VALUES('Syrien','106','10');
INSERT INTO "ueberstellung_herkunftsstaat" VALUES('Somalia','97','7');

INSERT INTO "ueberstellung_zielgebiet" VALUES('Österreich','154','14');
INSERT INTO "ueberstellung_zielgebiet" VALUES('Belgien','284','84');
INSERT INTO "ueberstellung_zielgebiet" VALUES('Bulgarien','8',NULL);
INSERT INTO "ueberstellung_zielgebiet" VALUES('Schweiz','193','19');
INSERT INTO "ueberstellung_zielgebiet" VALUES('Zypern','7','4');
INSERT INTO "ueberstellung_zielgebiet" VALUES('Tschechische Republik','12',NULL);
INSERT INTO "ueberstellung_zielgebiet" VALUES('Dänemark','41','9');
INSERT INTO "ueberstellung_zielgebiet" VALUES('Estland','3','1');
INSERT INTO "ueberstellung_zielgebiet" VALUES('Spanien','102','8');
INSERT INTO "ueberstellung_zielgebiet" VALUES('Finnland','19','1');
INSERT INTO "ueberstellung_zielgebiet" VALUES('Frankreich','257','65');
INSERT INTO "ueberstellung_zielgebiet" VALUES('Ungarn','40','4');
INSERT INTO "ueberstellung_zielgebiet" VALUES('Irland','5',NULL);
INSERT INTO "ueberstellung_zielgebiet" VALUES('Italien','701','33');
INSERT INTO "ueberstellung_zielgebiet" VALUES('Litauen','30',NULL);
INSERT INTO "ueberstellung_zielgebiet" VALUES('Luxemburg','14','7');
INSERT INTO "ueberstellung_zielgebiet" VALUES('Lettland','13','1');
INSERT INTO "ueberstellung_zielgebiet" VALUES('Malta','15',NULL);
INSERT INTO "ueberstellung_zielgebiet" VALUES('Niederlande','116','15');
INSERT INTO "ueberstellung_zielgebiet" VALUES('Norwegen','172','9');
INSERT INTO "ueberstellung_zielgebiet" VALUES('Polen','410','91');
INSERT INTO "ueberstellung_zielgebiet" VALUES('Portugal','5',NULL);
INSERT INTO "ueberstellung_zielgebiet" VALUES('Rumänien','62','1');
INSERT INTO "ueberstellung_zielgebiet" VALUES('Schweden','303','77');
INSERT INTO "ueberstellung_zielgebiet" VALUES('Slowenien','4',NULL);
INSERT INTO "ueberstellung_zielgebiet" VALUES('Slowak. Rep.','32','5');
INSERT INTO "ueberstellung_zielgebiet" VALUES('Vereinigtes Königreich','35','8');
